Gene_ID,Hours10_mean,Hours48_mean,Days12female_mean,Days12male_mean,Days24female_mean,Supercluster,Type,Immunity,response_to_biotic_and_stress,response_to_wounding,defence_response,immune,Distance [z]
Hsc_gene_14883,6682.945261,4090.097164,7.568976555,43.31038743,5.104949179,10hpi_48hpi,Effector,No,0,0,0,0,1
Hsc_gene_7864,2484.845202,1000.583898,2.11031637,34.4355977,1.312620171,10hpi,Effector,No,0,0,0,0,1
Hsc_gene_15780,9280.728836,3766.369706,28.24092275,236.4148558,30.62812272,J2_10hpi_48hpi,Effector,No,0,0,0,0,1
Hsc_gene_11047,637.2213815,120.8113341,1.262666086,4.067991281,3.358161743,J2_10hpi,Effector,No,0,0,0,0,1
Hsc_gene_16023,13171.38126,3205.950099,10.02134497,46.15550434,12.1532608,10hpi,Effector,No,0,0,0,0,1
Hsc_gene_22614,2147.719517,645.1826234,14.61508109,14.87750215,13.02119053,J2_10hpi,Effector,No,0,0,0,0,1
Hsc_gene_1231,15726.97247,3921.184871,19.48677479,95.21386422,12.34664427,J2_10hpi,Effector,No,0,0,0,0,1
Hsc_gene_11439,14719.44343,8032.914107,324.3826089,1746.593444,426.2773842,J2_10hpi_48hpi,Effector,No,0,0,0,0,1
Hsc_gene_2729,40514.03619,13766.07794,51.34723641,447.9819628,19.38848068,J2_10hpi,Effector,No,0,0,0,0,1
Hsc_gene_2733,15087.05085,4764.857256,24.92885591,140.5374445,13.27209271,J2_10hpi,Effector,No,0,0,0,0,1
Hsc_gene_17863,7661.570855,6424.912855,63.25388857,222.5807283,36.71563578,10hpi_48hpi,Effector,No,0,0,0,0,1
Hsc_gene_3918,1153.925942,1962.673456,1525.883361,1263.317199,1077.302724,10hpi_48hpi_12dpi fem.,Effector,No,0,0,0,0,1
Hsc_gene_7765,5581.93625,4784.579517,155.4113717,273.7093537,82.62401716,10hpi_48hpi,Effector,No,0,0,0,0,1
Hsc_gene_4635,1409.039202,465.1531285,3.058370552,11.62064209,3.967857671,10hpi,Effector,No,0,0,0,0,1
Hsc_gene_4657,12911.12361,4947.506135,17.01317649,102.5287501,25.09300741,10hpi,Effector,No,0,0,0,0,1
Hsc_gene_17183,877.0542129,108.8666363,1.80543847,11.15505775,2.542939994,J2_10hpi,Effector,No,0,0,0,0,1
Hsc_gene_18114,13944.37712,1792.719462,32.33232693,1095.639964,14.91508031,J2_10hpi,Effector,No,0,0,0,0,1
Hsc_gene_18118,5536.140293,619.7484042,7.050323005,267.647179,4.271467832,J2_10hpi,Effector,No,0,0,0,0,1
Hsc_gene_18135,4727.554605,406.8955055,19.24934511,930.0615126,8.392141809,J2_10hpi,Effector,No,0,0,0,0,1
Hsc_gene_15468,17842.87018,3084.323717,11.14819489,58.90212593,8.081246847,10hpi,Effector,No,0,0,0,0,1
Hsc_gene_20715,779.215386,151.2020866,2.363115492,5.350874433,2.450116476,J2_10hpi,Effector,No,0,0,0,0,1
Hsc_gene_15496,2985.200054,712.2133323,9.678773119,22.60176147,11.78191989,10hpi,Effector,No,0,0,0,0,1
Hsc_gene_3596,2558.436413,825.8352073,3.319054348,56.40396423,1.609350326,J2_10hpi,Effector,No,0,0,0,0,1
Hsc_gene_6558,41047.52712,11849.56879,73.23080953,303.8415449,44.65620715,10hpi,Effector,No,0,0,0,0,1
Hsc_gene_1192,6030.120827,1325.756145,4.294548666,60.61750524,6.297582248,10hpi,Effector,No,0,0,0,0,1
Hsc_gene_1209,10694.63365,2227.47574,12.85103523,116.4443053,14.88756028,10hpi,Effector,No,0,0,0,0,1
Hsc_gene_2750,13575.31143,2341.954573,16.01954369,253.3482892,20.31554677,10hpi,Effector,No,0,0,0,0,1
Hsc_gene_11134,4923.503138,810.426318,12.10370139,29.50024443,15.76151512,J2_10hpi,Effector,No,0,0,0,0,1
Hsc_gene_9270,6385.244194,1801.812179,6.726409451,43.14257684,4.383765337,10hpi,Effector,No,0,0,0,0,1
Hsc_gene_1668,2257.681892,214.2974663,16.37878205,13.47456163,11.91935701,J2_10hpi,Effector,No,0,0,0,0,1
Hsc_gene_20298,0,56.44634413,1.066076759,1.216706784,1.340998145,48hpi,Effector,No,0,0,0,0,1
Hsc_gene_26287,9.345893964,516.3988802,95.83346663,134.8495406,106.4797296,48hpi,Effector,No,0,0,0,0,1
Hsc_gene_1516,177.9675493,19.07735734,0.361087694,0,2.689281092,J2_10hpi,Effector,No,0,0,0,0,1
Hsc_gene_3591,1741.695438,309.9241871,2.920792513,233.4716072,4.595361571,J2_10hpi,Effector,No,0,0,0,0,1
Hsc_gene_23937,1372.440408,850.9813488,29.93428653,63.34403283,28.91083398,10hpi_48hpi,Effector,No,0,0,0,0,1
Hsc_gene_13823,1889.703294,647.2366873,0,3.563151167,0,J2_10hpi_48hpi,Effector,No,0,0,0,0,1
Hsc_gene_14450,1056.731141,218.2658794,115.4206355,95.38253665,15.17781522,10hpi,Effector,No,0,0,0,0,1
Hsc_gene_21883,115.4951042,116.4312043,4.404686569,14.82597092,4.086630387,10hpi_48hpi,Effector,No,0,0,0,0,1
Hsc_gene_16408,2913.205891,561.6907853,0,3.590091668,0.175933459,J2_10hpi,Effector,No,0,0,0,0,1
Hsc_gene_16831,4152.166885,1135.278789,9.381867343,50.62147536,5.659508345,10hpi,Effector,No,0,0,0,0,1
Hsc_gene_17459,407.2342907,206.8931652,4.729032478,24.80970543,4.318105404,J2_10hpi_48hpi,Effector,No,0,0,0,0,1
Hsc_gene_19155,1.513704611,587.0911543,9.718316396,35.29446224,17.96679984,48hpi,Effector,No,0,0,0,0,1
Hsc_gene_18106,51.84924533,169.9498394,7.013581219,3.496974799,2.600100737,48hpi,Effector,No,0,0,0,0,1
Hsc_gene_14316,2237.715928,1431.7427,4.648184042,17.09774148,3.273027822,10hpi_48hpi,Effector,No,0,0,0,0,1
Hsc_gene_17867,2156.877572,452.8019092,0.427551301,5.903447867,0,J2_10hpi,Effector,No,0,0,0,0,1
Hsc_gene_17449,3691.427225,486.1281494,1.898822405,10.62327713,7.869603783,J2_10hpi,Effector,No,0,0,0,0,1
Hsc_gene_17002,0,145.8468105,17.61224612,25.52537001,13.70752119,48hpi,Effector,No,0,0,0,0,1
Hsc_gene_16673,2039.919998,3060.021462,48.79562363,102.6119015,27.1774486,10hpi_48hpi,Effector,No,0,0,0,0,1
Hsc_gene_16672,3.027409223,116.1538685,8.998422692,4.773710268,7.066976015,48hpi,Effector,No,0,0,0,0,1
Hsc_gene_16529,2913.686022,2378.059775,228.2969229,653.7765111,123.1867562,J2_10hpi_48hpi,Effector,No,0,0,0,0,1
Hsc_gene_15285,4278.259734,629.7379834,0.557677021,5.969624234,0.758870598,J2_10hpi,Effector,No,0,0,0,0,1
Hsc_gene_13456,779.2907,858.0583809,260.142135,632.3235565,218.9607598,10hpi_48hpi,Effector,No,0,0,0,0,1
Hsc_gene_14943,283.8564651,129.35306,180.0361369,236.0163295,128.6266207,J2,Effector,No,0,0,0,0,1
Hsc_gene_10980,96.58571818,114.3546788,5.965210592,9.009492239,1.988380829,10hpi_48hpi,Effector,No,0,0,0,0,1
Hsc_gene_26055,153.0135128,108.6100456,5.601321404,7.564966077,5.318164598,J2_10hpi_48hpi,Effector,No,0,0,0,0,1
Hsc_gene_3004,2414.231211,709.4147726,2.751643322,8.196011246,2.015139618,10hpi,Effector,No,0,0,0,0,1
Hsc_gene_4458,190.3145416,49.88818761,3.972484443,4.779857951,3.91150652,10hpi,Effector,No,0,0,0,0,1
Hsc_gene_4767,1335.047603,893.3802068,133.1853467,311.1133572,76.2311811,J2_10hpi_48hpi,Effector,No,0,0,0,0,1
Hsc_gene_2776,1415.070998,306.50047,0.771452672,8.282980433,0.73089742,J2_10hpi,Effector,No,0,0,0,0,1
Hsc_gene_24449,157.0784047,581.8354788,108.9936533,243.6088025,39.15077481,J2_48hpi_12dpi male,Effector,No,0,0,0,0,1
Hsc_gene_14410,27.70440561,396.9403662,5.741181128,9.121052156,1.580567556,48hpi,Effector,No,0,0,0,0,1
Hsc_gene_21507a,887.1233323,892.9480398,239.552804,458.0420749,102.985342,10hpi_48hpi,Effector,No,0,0,0,0,1
Hsc_gene_12043,286.3010438,192.99883,5.196127058,2.433413569,5.548020431,10hpi_48hpi,Effector,No,0,0,0,0,1
Hsc_gene_21507,887.1233323,892.9480398,239.552804,458.0420749,102.985342,10hpi_48hpi,Effector,No,0,0,0,0,1
Hsc_gene_25649,3705.582114,556.5208026,1.535453026,6.52219767,1.931220086,J2_10hpi,Effector,No,0,0,0,0,1
Hsc_gene_3597,3248.372574,992.1718747,5.159385273,70.28410142,2.19269226,J2_10hpi,Effector,No,0,0,0,0,1
Hsc_gene_14470b,31.57545962,45.74375596,4.417222068,5.464784119,2.682805881,10hpi_48hpi,Effector,No,0,0,0,0,1
Hsc_gene_25287,1296.207751,235.4042668,3.227952099,8.316068616,5.436127722,J2_10hpi,Effector,No,0,0,0,0,1
Hsc_gene_25130,22.03572775,53.88907454,7.343097761,8.303773252,2.450521272,48hpi,Effector,No,0,0,0,0,1
Hsc_gene_24777,343.2385517,369.7930761,10.60033933,21.42049264,3.846656179,10hpi_48hpi,Effector,No,0,0,0,0,1
Hsc_gene_23823,233.3143679,47.730906,0.567411026,1.183618601,0.175933459,J2,Effector,No,0,0,0,0,1
Hsc_gene_22767,616.2447061,353.6399581,0.599501987,9.5597159,0,10hpi_48hpi,Effector,No,0,0,0,0,1
Hsc_gene_1942,1243.289569,1444.758278,839.228574,1165.811062,467.45176,10hpi_48hpi,Effector,No,0,0,0,0,1
Hsc_gene_13561,574.0331098,355.6868607,19.89898909,46.24014367,21.49118146,10hpi_48hpi,Effector,No,0,0,0,0,1
Hsc_gene_5413,304.1398402,67.47747561,1.749228676,1.808516085,2.338223766,10hpi,Effector,No,0,0,0,0,1
Hsc_gene_5417,28.56347926,21.37643062,3.306518849,5.557900987,3.274647006,10hpi_48hpi,Effector,No,0,0,0,0,1
Hsc_gene_23839,3750.939869,557.2909352,0,7.70581627,0.555368757,J2_10hpi,Effector,No,0,0,0,0,1
Hsc_gene_26552,456.4638372,75.38815731,0.378274017,0.564868799,0.40700368,10hpi,Effector,No,0,0,0,0,1
Hsc_gene_26554,2475.511069,535.2798052,1.083263082,7.192478701,2.774415012,10hpi,Effector,No,0,0,0,0,1
Hsc_gene_18119,5119.782158,746.7031507,4.05841606,22.89342734,3.514621214,J2_10hpi,Effector,No,0,0,0,0,1
Hsc_gene_18120,405.1226869,107.6174763,0.385726336,1.754635082,0.906830879,J2_10hpi,Effector,No,0,0,0,0,1
Hsc_gene_11649,409.4792508,225.7896126,12.33186187,30.55384016,6.288678261,10hpi_48hpi,Effector,No,0,0,0,0,1
Hsc_gene_11652,2120.665739,1096.918035,3.864195871,40.07666996,4.671591506,10hpi,Effector,No,0,0,0,0,1
Hsc_gene_15589,240.8520332,207.4720517,11.76910167,24.57806824,9.101184824,J2_10hpi_48hpi,Effector,No,0,0,0,0,1
Hsc_gene_11661,5745.685622,7253.654654,189.2121908,152.9308438,44.56171762,10hpi_48hpi,Effector,No,0,0,0,0,1
Hsc_gene_15344,1104.383514,873.2661595,9.298217412,24.35874632,9.20169794,10hpi_48hpi,Effector,No,0,0,0,0,1
Hsc_gene_8097,1540.212939,752.0814331,14.62955337,17.07080098,9.322899431,10hpi_48hpi,Effector,No,0,0,0,0,1
Hsc_gene_14383,2404.971076,1828.659654,56.4571744,72.17343901,27.75836328,J2_10hpi_48hpi,Effector,No,0,0,0,0,1
Hsc_gene_25163,7.709715064,90.81256893,268910.2522,95845.29749,132199.519,12dpi fem.,Effector,No,0,0,0,0,1
Hsc_gene_17359,98.37851794,387.6571805,17.61680949,25.31454555,5.779495449,48hpi,Effector,No,0,0,0,0,1
Hsc_gene_8162,11.68627927,860.4256788,59.60762692,64.10361291,29.0146323,48hpi,Effector,No,0,0,0,0,1
Hsc_gene_11876,2668.670448,2816.308362,3894.609058,2669.620594,3907.022625,Cyst,Effector,No,0,0,0,0,1
Hsc_gene_19516,220.4251339,283.7615387,25.34179248,702.2081658,18.52742942,12dpi male,Effector,No,0,0,0,0,1
Hsc_gene_13020,1738.122858,1265.914932,2000.821647,3666.99444,2385.444747,Cyst_J2,Effector,No,0,0,0,0,1
Hsc_gene_21512,1006.23314,533.2261472,10.33035388,18.554563,5.078999982,10hpi_48hpi,Effector,No,0,0,0,0,1
Hsc_gene_24123,1844.972962,830.2324563,910.6310088,4379.108008,259.8742314,Not Clustered but DE,Effector,No,0,0,0,0,1
Hsc_gene_26180,1640.221218,1847.360251,1852.326279,2283.679774,1129.25118,Not Clustered but DE,Effector,No,0,0,0,0,1
Hsc_gene_5804,3105.517447,1892.645696,4008.75602,15073.53979,4193.831421,Not Clustered but DE,Effector,No,0,0,0,0,1
Hsc_gene_25033,24.88779838,13.2006497,46831.77705,20310.33531,12029.51392,12dpi fem.,Effector,No,0,0,0,0,1
Hsc_gene_1195,47.36231262,58.43521078,56385.22073,20268.69789,34681.34317,12dpi fem.,Effector,No,0,0,0,0,1
Hsc_gene_22522,4523.919968,7861.942556,2935.705156,2130.857112,2087.511308,10hpi_48hpi_12dpi fem.,Effector,No,0,0,0,0,1
Hsc_gene_16020,0,0.995236148,36.97056961,119.2662995,19.22671202,12dpi male,Effector,No,0,0,0,0,1
Hsc_gene_21249,10.36641257,8.61992605,25.94452832,46.20705548,32.04278153,12dpi male,Effector,No,0,0,0,0,1
Hsc_gene_18674,6734.432871,7781.816621,15263.55119,13778.64765,5477.123241,12dpi fem._12dpi male,Effector,No,0,0,0,0,1
Hsc_gene_6577,804.4077167,686.0088535,189.8429141,285.815531,113.6646249,J2_10hpi_48hpi,Effector,No,0,0,0,0,1
Hsc_gene_8555,31.96488906,2721.234192,857.0367647,1087.734531,560.4440414,48hpi,Effector,No,0,0,0,0,1
Hsc_gene_4980,1671.738451,1894.469572,1739.966497,3374.18837,524.9648305,Not Clustered but DE,Effector,No,0,0,0,0,1
Hsc_gene_4979,2220.191637,2425.28444,2540.165649,4386.114037,795.4519901,J2_12dpi_male,Effector,No,0,0,0,0,1
Hsc_gene_21167,1235.921544,1652.397683,2128.234897,2868.352962,1346.996318,Not Clustered but DE,Effector,No,0,0,0,0,1
Hsc_gene_13848,425.9590502,362.5247614,36.56826421,95.62321778,30.66085979,J2_10hpi_48hpi,Effector,No,0,0,0,0,1
Hsc_gene_6988,14.11499229,28.7994654,891.7303413,1355.130508,223.1067893,12dpi fem._12dpi male,Effector,No,0,0,0,0,1
Hsc_gene_2629,123.3702913,102.1223835,353.1149752,211.9275546,315.7120181,Not Clustered but DE,Effector,No,0,0,0,0,1
Hsc_gene_19195,127.964051,204.7886967,12.70557252,19.24565676,14.08852885,48hpi,Effector,No,0,0,0,0,1
Hsc_gene_21197,3940.585874,2847.911462,4474.741157,5312.51996,4143.436565,Not Clustered but DE,Effector,No,0,0,0,0,1
Hsc_gene_654,969.5438454,1523.338799,5276.781844,580.3567797,26378.93033,24dpi,Effector,No,0,0,0,0,1
Hsc_gene_26051,2616.531947,2179.320355,5298.555567,6722.175284,8754.818664,Not Clustered but DE,Effector,No,0,0,0,0,1
Hsc_gene_20483,39.96737452,29.04980857,8643.552858,5533.164385,2282.154025,12dpi fem._12dpi male,Effector,No,0,0,0,0,1
Hsc_gene_4797,1370.191639,1242.362847,734.2979798,757.2868238,922.6068317,Cyst,Effector,No,0,0,0,0,1
Hsc_gene_15024,13009.6054,46238.40821,7665.11699,6194.994098,5396.343858,48hpi,Effector,No,0,0,0,0,1
Hsc_gene_22,771.2955305,631.0978085,721.3980926,739.2153865,718.0281833,Cyst_J2,Effector,No,0,0,0,0,1
Hsc_gene_21638,294.4728687,177.8363063,205.4283112,677.8113408,484.344053,Not Clustered but DE,Effector,No,0,0,0,0,1
Hsc_gene_10854,16816.44788,8827.069603,54437.4456,31998.95702,60973.98046,J2_12dpi fem._24dpi,Effector,No,0,0,0,0,1
Hsc_gene_146,5267.048303,7162.48149,4574.190184,1666.418945,2734.26887,10hpi_48hpi_12dpi fem.,Effector,No,0,0,0,0,1
Hsc_gene_5582,1289.719608,1152.053345,1905.061157,1795.107293,1339.572943,Increasing,Effector,No,0,0,0,0,1
Hsc_gene_1193,24.41004124,4.052241834,3948.354508,1189.808977,6.335673798,12dpi fem.,Effector,No,0,0,0,0,1
Hsc_gene_1208,3.925453536,0,3089.579188,690.5640658,12.29110271,12dpi fem.,Effector,No,0,0,0,0,1
Hsc_gene_2584,831.68139,628.1928561,420.7366286,393.7112687,323.2830097,J2_10hpi_48hpi,Effector,No,0,0,0,0,1
Hsc_gene_5838,1476.722526,733.9022963,598.3135294,1221.213628,486.8015661,Cyst_J2,Effector,No,0,0,0,0,1
Hsc_gene_26104,4240.584817,3993.015735,8877.122983,12521.14799,9189.113755,Not Clustered but DE,Effector,No,0,0,0,0,1
Hsc_gene_5346,2.956045607,0.515442385,182.0051893,950.211748,231.515342,12dpi male,Effector,No,0,0,0,0,1
Hsc_gene_7567,299.083014,323.9580806,34.50399128,22.49634923,21.06960818,10hpi_48hpi,Effector,No,0,0,0,0,1
Hsc_gene_197,823.999604,778.3743284,1819.255136,2152.680426,1760.515001,12dpi fem._12dpi male_24dpi,Effector,No,0,0,0,0,1
Hsc_gene_13401,96.49892571,314.1211735,111.1708057,83.74022,42.65028418,48hpi,Effector,No,0,0,0,0,1
Hsc_gene_12075,121.5726674,121.5812447,181.0612661,154.5206641,138.1348002,Not Clustered but DE,Effector,No,0,0,0,0,1
Hsc_gene_10747,1179.160834,2086.833151,5341.690338,3055.064142,5311.828319,12dpi female_24dpi,Effector,No,0,0,0,0,1
Hsc_gene_12932,53.08056592,51.87347362,586.9158772,1735.593387,437.0321537,12dpi male,Effector,No,0,0,0,0,1
Hsc_gene_4395,27.5632136,46.64946914,5135.303299,8600.381276,126.9924161,12dpi fem._12dpi male,Effector,No,0,0,0,0,1
Hsc_gene_8591,622.9807678,2838.469414,5417.049714,4087.353373,1238.931469,12dpi fem._12dpi male,Effector,No,0,0,0,0,1
Hsc_gene_18447,337.6073092,310.3444035,526.7243202,592.6219349,513.525286,12dpi fem._12dpi male_24dpi,Effector,No,0,0,0,0,1
Hsc_gene_7445,32100.33845,31969.24135,55739.70543,44223.58873,35026.45915,Increasing,Effector,No,0,0,0,0,1
Hsc_gene_9883,1640.46812,731.445512,4.471150176,36.32493529,10.0157053,10hpi,Effector,No,0,0,0,0,1
Hsc_gene_12347,1613.812322,1486.145647,2831.883218,2244.160827,2906.266431,Not Clustered but DE,Effector,No,0,0,0,0,1
Hsc_gene_13299,33.4922689,173.2712889,14.46505501,14.3211308,10.44825338,48hpi,Effector,No,0,0,0,0,1
Hsc_gene_18496,1175.752025,1025.637997,181.8098843,190.6332671,222.7739977,10hpi_48hpi,Effector,No,0,0,0,0,1
Hsc_gene_13979,86.76689114,1084.722736,61.92444152,104.7196792,29.686345,48hpi,Effector,No,0,0,0,0,1
Hsc_gene_13985,0.756852306,706.3409994,38.75382603,36.27105429,15.29982631,48hpi,Effector,No,0,0,0,0,1
Hsc_gene_22613,24.81161069,165.2867906,77.28512703,109.4465379,42.33093381,48hpi_12dpi fem.12dpimale_24dpi,Effector,No,0,0,0,0,1
Hsc_gene_11485,3895.646133,3392.092868,6239.124594,4493.741256,6776.399465,Not Clustered but DE,Effector,No,0,0,0,0,1
Hsc_gene_6833,9745.202363,9646.12368,5005.847761,5332.863265,3866.872914,10hpi_48hpi,Effector,No,0,0,0,0,1
Hsc_gene_16533,44.05098415,21.35820489,551.8134031,385.4455587,1862.35841,24dpi,Effector,No,0,0,0,0,1
Hsc_gene_16533a,44.05098415,21.35820489,551.8134031,385.4455587,1862.35841,24dpi,Effector,No,0,0,0,0,1
Hsc_gene_23496,20.748254,38.90494137,106.4080826,37.00986146,29.04818048,12dpi fem.,Effector,No,0,0,0,0,1
Hsc_gene_7901,2838.840045,2836.67144,2208.240931,2737.579885,1935.63384,Not Clustered but DE,Effector,No,0,0,0,0,1
Hsc_gene_7263,2330.611263,2377.178712,2007.803889,4350.541522,633.3702519,12dpi male,Effector,No,0,0,0,0,1
Hsc_gene_10293,3690.183327,3458.72836,917.0233929,2148.062512,813.3431339,J2_10hpi_48hpi,Effector,No,0,0,0,0,1
Hsc_gene_6947,163.2200156,233.8994299,10155.41097,3669.060649,625.080691,12dpi fem.,Effector,No,0,0,0,0,1
Hsc_gene_8332,1590.998231,1636.902233,1611.710977,1523.897864,1519.953591,10h_48h_12d fem._12d male_24dpi,Effector,No,0,0,0,0,1
Hsc_gene_8705,523.8320237,658.9509842,488.2313677,459.8019958,515.0764817,48hpi,Effector,No,0,0,0,0,1
Hsc_gene_5049,1795.74328,1458.695496,1612.579952,1556.791435,1360.382701,Not Clustered but DE,Effector,No,0,0,0,0,1
Hsc_gene_5691,1520.40467,1043.836634,1215.255721,2519.347306,341.0574547,Not Clustered but DE,Effector,No,0,0,0,0,1
Hsc_gene_15522,1428.64849,1939.145114,1560.294013,1248.779191,1725.68301,Not Clustered but DE,Effector,No,0,0,0,0,1
Hsc_gene_3889,584.3745871,346.2359519,614.5425428,2825.220753,543.555565,Cyst,Effector,No,0,0,0,0,1
Hsc_gene_23604,28.15708573,414.2602825,92.09477811,167.0426182,56.26750124,48hpi,Effector,No,0,0,0,0,1
Hsc_gene_7832,13.67291695,125.0913099,74.59021331,125.4306749,18.7398836,48hpi_12dpi fem.12dpimale_24dpi,Effector,No,0,0,0,0,1
Hsc_gene_7870,8.939500436,61.01136149,79.83980366,100.0560807,27.83904445,48hpi_12dpi fem.12dpimale_24dpi,Effector,No,0,0,0,0,1
Hsc_gene_7940,11.93122785,138.922201,34.70208503,43.07027269,13.35565428,48hpi,Effector,No,0,0,0,0,1
Hsc_gene_2505,16641.25772,11077.32705,1338.172643,3045.983119,1233.269509,J2,Effector,No,0,0,0,0,1
Hsc_gene_21800,516.021044,418.2478715,28.8789834,43.50278876,23.28294045,10hpi_48hpi,Effector,No,0,0,0,0,1
Hsc_gene_2514,985.1938696,6110.030226,1535.92135,1900.394674,763.098182,48hpi,Effector,No,0,0,0,0,1
Hsc_gene_18858,3213.101422,1560.888873,1329.655072,4200.513816,1536.63222,10hpi_12dpi male,Effector,No,0,0,0,0,1
Hsc_gene_26123,2781.966938,1840.791545,1122.907483,1132.006038,766.0540678,J2_10hpi,Effector,No,0,0,0,0,1
Hsc_gene_10783,2331.757261,2382.31348,3000.234344,3235.103268,1524.416031,Not Clustered but DE,Effector,No,0,0,0,0,1
Hsc_gene_5538,1174.514345,897.0575234,849.1499996,804.7729247,911.5239847,10hpi,Effector,No,0,0,0,0,1
Hsc_gene_3892,491.3422109,435.7227663,25.35536759,29.37024146,16.79445035,10hpi_48hpi,Effector,No,0,0,0,0,1
Hsc_gene_3893,379.005623,409.6376627,32.32536197,37.03212232,12.19949357,10hpi_48hpi,Effector,No,0,0,0,0,1
Hsc_gene_2442,1662.697551,1451.47371,2698.545992,1036.7661,599.213464,Not Clustered but DE,Effector,No,0,0,0,0,1
Hsc_gene_15543,440.3257284,147.7062695,7.414212193,20.07523103,8.645519592,10hpi,Effector,No,0,0,0,0,1
Hsc_gene_6623,2508.543443,783.4704944,99.67911923,156.290826,90.00764744,10hpi,Effector,No,0,0,0,0,1
Hsc_gene_19712,1525.507228,991.9600967,983.7969737,914.8024193,793.7948103,Cyst,Effector,No,0,0,0,0,1
Hsc_gene_26082,6.81167075,983.0455591,117.6345444,190.8271563,75.30861306,48hpi,Effector,No,0,0,0,0,1
Hsc_gene_18816,689.10661,394.7914457,51.08065972,93.73476194,40.92908645,J2_10hpi_48hpi,Effector,No,0,0,0,0,1
Hsc_gene_11270,2.956045607,6.185308613,10744.58054,1726.280062,8612.265164,12dpi female_24dpi,Effector,No,0,0,0,0,1
Hsc_gene_17335,52.44794154,245.6021457,24.92686413,42.25532366,8.905777377,48hpi,Effector,No,0,0,0,0,1
Hsc_gene_17374,4.469750218,3.294309423,2373.883625,910.9307113,1786.008781,12dpi female_24dpi,Effector,No,0,0,0,0,1
Hsc_gene_19543,42.59496792,376.326612,52.67553385,70.61823468,33.69553107,48hpi,Effector,No,0,0,0,0,1
Hsc_gene_14976,0,4.532035597,162.1411251,212.3582874,21.55036619,12dpi fem._12dpi male,Effector,No,0,0,0,0,1
Hsc_gene_10572,1172.414746,527.1424507,29.86045806,147.3082544,82.77961869,J2_10hpi,Effector,No,0,0,0,0,1
Hsc_gene_3128,1326.437972,1387.037432,1751.3006,1180.037604,1566.386701,Not Clustered but DE,Effector,No,0,0,0,0,1
Hsc_gene_4852,437.0880958,399.4679398,434.0036868,387.5093812,308.2227544,Cyst_J2,Effector,No,0,0,0,0,1
Hsc_gene_2506,612.7846513,531.0720404,1465.180633,888.2158976,1142.111303,Not Clustered but DE,Effector,No,0,0,0,0,1
Hsc_gene_6925,2533.391498,2016.178405,3840.478277,1793.463444,5673.813618,Increasing,Effector,No,0,0,0,0,1
Hsc_gene_18004,840.0153981,709.2925174,16.7277666,29.01004945,8.934964944,10hpi_48hpi,Effector,No,0,0,0,0,1
Hsc_gene_9864,1289.338592,509.7323561,6.400214213,7.598054263,1.221011041,10hpi,Effector,No,0,0,0,0,1
Hsc_gene_6607,1271.017581,848.3966896,50.81061928,193.3645141,169.6167769,J2_10hpi_48hpi,Effector,No,0,0,0,0,1
Hsc_gene_12751,5395.995661,4031.393466,3950.54678,3555.626231,1302.009708,J2_10hpi_12dpi male,Effector,No,0,0,0,0,1
Hsc_gene_14986,95.3810098,133.8215041,28.67855296,188.0599049,28.34287125,Not Clustered but DE,Effector,No,0,0,0,0,1
Hsc_gene_14988,9.573878453,12.5295734,30.55235936,127.8347982,18.79456721,12dpi male,Effector,No,0,0,0,0,1
Hsc_gene_14999,143.2197628,150.4798028,32.58087513,305.0043309,32.53163241,Not Clustered but DE,Effector,No,0,0,0,0,1
Hsc_gene_15005,148.6151261,96.4195355,127.32744,821.0088656,73.86817265,Not Clustered but DE,Effector,No,0,0,0,0,1
Hsc_gene_5603,0,0,13.43800172,58.64967601,4.290537023,12dpi male,Effector,No,0,0,0,0,1
Hsc_gene_25010,225.2775174,213.9763338,2299.431443,852.3671826,713.0927332,12dpi fem.,Effector,No,0,0,0,0,1
Hsc_gene_25240,4415.446749,2419.238116,169.7376715,679.8409821,155.7276536,J2_10hpi_48hpi,Effector,No,0,0,0,0,1
Hsc_gene_14144,2916.912011,609.6359888,2.144689017,26.48584888,1.69205547,J2_10hpi,Effector,No,0,0,0,0,1
Hsc_gene_14151,13087.15519,4920.50193,79.80973203,183.8662551,78.26170296,J2_10hpi,Effector,No,0,0,0,0,1
Hsc_gene_16534,12228.46581,6081.441091,16.1839546,56.97351267,17.40329138,10hpi_48hpi,Effector,No,0,0,0,0,1
Hsc_gene_24745,2640.553952,792.709339,4.505522823,10.1784657,3.854750574,10hpi,Effector,No,0,0,0,0,1
Hsc_gene_6112,2732.363923,635.2732193,1.338863698,24.05008554,2.13634111,J2_10hpi,Effector,No,0,0,0,0,1
Hsc_gene_25198,2929.558677,5387.566961,1852.509365,679.1747745,1994.570264,10hpi_48hpi_12dpi fem.,Effector,No,0,0,0,0,1
Hsc_gene_5862,5690.133972,2740.931925,133.2308378,635.6485676,145.6317172,Cyst_J2_10hpi_48hpi,Effector,No,0,0,0,0,1
Hsc_gene_21581,864.7379429,731.741434,6007.043048,12450.46619,17256.29067,Increasing,Effector,No,0,0,0,0,1
Hsc_gene_18860,122.6898451,39.95843532,2.442114598,9.745949639,3.597326358,J2_10hpi,Effector,No,0,0,0,0,1
Hsc_gene_21574,160.486912,208.7124447,53.39943866,91.34440205,63.09643337,Not Clustered but DE,Effector,No,0,0,0,0,1
Hsc_gene_516,0,49.34666636,7.915159611,6.52219767,3.827991784,48hpi,Effector,No,0,0,0,0,1
Hsc_gene_19989,3706.808262,2578.347914,4293.744498,1983.315126,1725.70537,Not Clustered but DE,Effector,No,0,0,0,0,1
Hsc_gene_14496,1531.351327,2936.222372,353.1215203,1000.418944,140.6570004,48hpi,Effector,No,0,0,0,0,1
Hsc_gene_6994,1936.450129,2013.445587,102.5787693,272.221754,242.8074338,10hpi_48hpi,Effector,No,0,0,0,0,1
Hsc_gene_8418,163.3627428,149.6098857,9.335391554,11.36823199,8.961723734,10hpi_48hpi,Effector,No,0,0,0,0,1
Hsc_gene_15748,88.52400911,30.21623751,0,1.874692452,1.055600752,10hpi,Effector,No,0,0,0,0,1
Hsc_gene_19578,76.40047858,456.3504285,37.1106917,47.4553824,26.97349665,48hpi,Effector,No,0,0,0,0,1
Hsc_gene_8905,0,67.53306657,26.14788015,30.45692537,40.13981543,48hpi,Effector,No,0,0,0,0,1
Hsc_gene_24210,682.2779573,500.5838008,34.53689195,244.957862,36.2262834,J2_10hpi,Effector,No,0,0,0,0,1
Hsc_gene_7480,4281.685559,841.7866337,26.40093673,45.54292213,45.26828503,J2_10hpi,Effector,No,0,0,0,0,1
Hsc_gene_15540,2054.128177,867.2725391,20.09329674,136.3924296,10.92253618,J2_10hpi,Effector,No,0,0,0,0,1
Hsc_gene_25687,19.46582273,383.0409192,155.7916975,173.5616043,142.0232364,48hpi,Effector,No,0,0,0,0,1
Hsc_gene_18867,333.6393778,193.092081,8.57832371,27.53476497,10.57147885,J2_10hpi,Effector,No,0,0,0,0,1
Hsc_gene_17165,14357.79272,3480.240989,9.821521788,19.54345042,4.318914996,10hpi,Effector,No,0,0,0,0,1
Hsc_gene_17167,23813.51068,8287.293045,23.21024622,150.4611703,6.565529632,10hpi,Effector,No,0,0,0,0,1
Hsc_gene_6605,698.1601704,149.1299445,18.07830109,29.11781145,36.35764857,J2_10hpi,Effector,No,0,0,0,0,1
Hsc_gene_743,8148.736508,750.6600191,19.20382149,18.13436221,19.77965201,10hpi,Effector,No,0,0,0,0,1
Hsc_gene_9775,598.8346113,114.346973,5.360625425,28.22965664,8.768387097,J2_10hpi,Effector,No,0,0,0,0,1
Hsc_gene_4512,123.7595023,571.7101715,16516.32299,10868.24163,7912.926072,12dpi fem._12dpi male_24dpi,Effector,No,0,0,0,0,1
Hsc_gene_7401,984.3502067,552.4128224,19.89101697,102.6487875,37.49028885,J2_10hpi_48hpi,Effector,No,0,0,0,0,1
Hsc_gene_17860,1974.565657,1536.392149,13.53418714,27.29465023,10.84554349,10hpi_48hpi,Effector,No,0,0,0,0,1
Hsc_gene_6906,1200.079602,1423.118501,139.8393672,188.9656211,78.10160033,10hpi_48hpi,Effector,No,0,0,0,0,1
Hsc_gene_4975,964.7671119,688.8148606,184.5374314,162.4358368,201.2434197,J2_10hpi_48hpi,Effector,No,0,0,0,0,1
Hsc_gene_15793,710.7658453,605.5902806,53.61627816,64.09748513,46.49298454,10hpi_48hpi,Effector,No,0,0,0,0,1
Hsc_gene_17112,391.5302032,401.546071,27.558723,71.21675805,22.28369086,10hpi_48hpi,Effector,No,0,0,0,0,1
Hsc_gene_18036,460.4558303,223.2734727,10.92425288,12.51026495,11.65828963,10hpi,Effector,No,0,0,0,0,1
Hsc_gene_19806,14.50442173,2427.618469,107.6490765,117.2209002,42.06662959,48hpi,Effector,No,0,0,0,0,1
Hsc_gene_23605,3243.51925,1249.058189,30.24600949,19.6304196,80.6500685,10hpi,Effector,No,0,0,0,0,1
Hsc_gene_6061,5154.84843,1705.083775,128.5621412,65.75898344,86.5326886,J2_10hpi,Effector,No,0,0,0,0,1
Hsc_gene_24272,189.7272472,343.0782478,1066.989814,1160.179074,572.8250509,Not Clustered but DE,Effector,No,0,0,0,0,1
Hsc_gene_15431,59.87351895,379.380148,3808.383752,1104.085889,5485.760292,12dpi female_24dpi,Effector,No,0,0,0,0,1
Hsc_gene_2429,1754.9739,695.5950569,124.2390902,200.5385099,229.9244884,J2_10hpi,Effector,No,0,0,0,0,1
Hsc_gene_12915,2940.315669,1436.596781,70.17605018,542.3070859,105.137517,J2_10hpi,Effector,No,0,0,0,0,1
Hsc_gene_9281,354.3876318,260.0574365,17.17995654,20.7601572,12.04991411,10hpi_48hpi,Effector,No,0,0,0,0,1
Hsc_gene_15888,100.0162321,276.9932185,86.36947643,52.30286486,98.84146335,48hpi,Effector,No,0,0,0,0,1
Hsc_gene_22181,618.4783475,698.2720534,19.8675054,39.10769365,12.49581893,10hpi_48hpi,Effector,No,0,0,0,0,1
Hsc_gene_25038,1019.242935,1209.9753,146.6651084,134.4878805,84.19392258,10hpi_48hpi,Effector,No,0,0,0,0,1
Hsc_gene_18353,6678.145074,2141.110574,10.06449945,51.75880878,6.280941831,10hpi,Effector,No,0,0,0,0,1
Hsc_gene_10778,1287.734127,759.9555159,29.15081817,170.0585017,82.74881346,J2_10hpi,Effector,No,0,0,0,0,1
Hsc_gene_13411,4244.078618,4140.503672,169.1781127,226.760535,67.94031517,10hpi_48hpi,Effector,No,0,0,0,0,1
Hsc_gene_24423,933.8019099,575.0643809,39.53975098,25.59389615,21.90344749,10hpi_48hpi,Effector,No,0,0,0,0,1
Hsc_gene_16701,0,0,2283.120345,680.0228515,1621.55055,12dpi female_24dpi,Effector,No,0,0,0,0,1
Hsc_gene_24157,344.7632213,246.3309719,81.7435118,188.8484998,126.7426137,10hpi_12dpi male,Effector,No,0,0,0,0,1
Hsc_gene_5026,142.1164788,117.6593608,22.48940035,96.41827563,36.98353481,Cyst_J2,Effector,No,0,0,0,0,1
Hsc_gene_15904,328.5742202,564.1082382,836.5561048,975.3362268,451.4398412,Cyst_J2,Effector,No,0,0,0,0,1
Hsc_gene_22765,75.04646528,149.7323904,4.353040146,8.049013375,3.504907636,48hpi,Effector,No,0,0,0,0,1
Hsc_gene_18770,199.5881154,64.56039755,43.55616718,222.9531759,218.7191059,Not Clustered but DE,Effector,No,0,0,0,0,1
Hsc_gene_9970,2874.365787,1784.135509,3.972484443,61.17005877,8.618356006,10hpi_48hpi,Effector,No,0,0,0,0,1
Hsc_gene_7230,1104.634142,1147.218337,68.85679695,419.5367424,67.22565337,J2_10hpi_48hpi,Effector,No,0,0,0,0,1
Hsc_gene_25963,4145.9388,2051.390875,6.040975848,15.99494438,5.106568363,10hpi_48hpi,Effector,No,0,0,0,0,1
Hsc_gene_18583,1087.382766,1422.999974,797.9351883,2445.636383,1096.68509,12dpi male,Effector,No,0,0,0,0,1
Hsc_gene_11477,1195.134403,766.7579155,41.06581491,149.7577812,59.24577606,J2_10hpi,Effector,No,0,0,0,0,1
Hsc_gene_11741,591.5502501,27.61042728,0.171950685,1.129737598,0.730492624,J2_10hpi,Effector,No,0,0,0,0,1
Hsc_gene_11640,1.478022803,4.93015954,0.557677021,1.216706784,0,NA,Effector,No,0,0,0,0,1
Hsc_gene_8884,156.3521917,211.2262125,16.17422059,21.16573276,7.696550726,10hpi_48hpi,Effector,No,0,0,0,0,1
Hsc_gene_15906,475.674325,274.9339684,88.65324792,444.5156866,82.27448232,J2_12dpi_male,Effector,No,0,0,0,0,1
Hsc_gene_19866,0.756852306,2.577211923,21.35027238,85.48637753,30.67421501,12dpi male,Effector,No,0,0,0,0,1
Hsc_gene_19959,113.8399892,88.15423162,274.8126437,272.8202973,341.0278171,Not Clustered but DE,Effector,No,0,0,0,0,1
Hsc_gene_23040,147.3261172,352.7193779,43.1081957,19.03246262,26.52880622,48hpi,Effector,No,0,0,0,0,1
Hsc_gene_18463,177.4574822,2086.49584,28816.15802,31907.37069,5166.336787,12dpi fem._12dpi male,Effector,No,0,0,0,0,1
Hsc_gene_8909,933.6582261,508.5821414,6.751048093,22.27700741,3.423012083,J2_10hpi_48hpi,Effector,No,0,0,0,0,1
Hsc_gene_17086,9.786434076,618.4535835,27.09214822,28.10813122,30.16067463,48hpi,Effector,No,0,0,0,0,1
Hsc_gene_26583,386.1589014,571.0581602,101.7233394,203.4035977,73.94804879,48hpi,Effector,No,0,0,0,0,1
Hsc_gene_17158,1018.41195,799.491538,35.10667212,53.79514424,26.2470973,10hpi_48hpi,Effector,No,0,0,0,0,1
Hsc_gene_25615,2358.892074,904.8108183,70.46322195,76.03058592,47.32758661,J2_10hpi,Effector,No,0,0,0,0,1
Hsc_gene_1131,709.4697388,970.3642188,89.71993193,137.4460453,77.0706392,10hpi_48hpi,Effector,No,0,0,0,0,1
Hsc_gene_14694,550.1951525,845.3610844,18.27023959,20.2222289,3.94028929,10hpi_48hpi,Effector,No,0,0,0,0,1
Hsc_gene_10067,933.9328573,820.2153399,118.2353985,240.995283,106.8299335,J2_10hpi_48hpi,Effector,No,0,0,0,0,1
Hsc_gene_5332,3207.841328,1619.16604,17.61857137,21.92298298,19.67225888,10hpi_48hpi,Effector,No,0,0,0,0,1
Hsc_gene_2631,4616.379574,2368.233397,262.2990548,277.5249349,116.1496399,10hpi,Effector,No,0,0,0,0,1
Hsc_gene_21901,653.0941533,441.4498292,121.1121443,144.34541,109.5902275,10hpi_48hpi,Effector,No,0,0,0,0,1
Hsc_gene_18365,80.40285804,198.8400364,23.75810179,23.20206822,16.64284691,48hpi,Effector,No,0,0,0,0,1
Hsc_gene_14468,931.4825159,402.4094911,9.642638591,11.08888138,2.793079407,10hpi,Effector,No,0,0,0,0,1
Hsc_gene_21612,36.01128166,15.46926065,664.2193156,545.4444152,72.9227548,12dpi fem._12dpi male,Effector,No,0,0,0,0,1
Hsc_gene_14466,1.478022803,6.6833281,6193.592466,8465.558124,1098.158131,12dpi fem._12dpi male,Effector,No,0,0,0,0,1
Hsc_gene_11151,168.2932861,91.12770345,0.771452672,4.148812784,0.554559165,10hpi_48hpi,Effector,No,0,0,0,0,1
Hsc_gene_26516,1203.443334,547.343538,14.27074736,162.5459287,13.81572391,J2_10hpi,Effector,No,0,0,0,0,1
Hsc_gene_3350,155.3959392,294.8412108,44.96438343,39.02307423,18.04262498,48hpi,Effector,No,0,0,0,0,1
Hsc_gene_14640,6.653514654,3.501150828,17.87934262,173.7408285,18.58782853,12dpi male,Effector,No,0,0,0,0,1
Hsc_gene_18467,1073.773376,1047.765605,30.12798691,54.09910548,21.95858425,J2_10hpi_48hpi,Effector,No,0,0,0,0,1
Hsc_gene_4281,14.92295527,66.88821656,26.04669409,17.26553217,17.32184593,48hpi,Effector,No,0,0,0,0,1
Hsc_gene_6593,525.0604923,1084.562867,415.0118515,375.5584635,285.7557592,48hpi,Effector,No,0,0,0,0,1
Hsc_gene_4313,114.3283511,704.2199853,648.1953806,1339.886424,95.63346558,J2_48hpi_12dpi male,Effector,No,0,0,0,0,1
Hsc_gene_1077,2770.779725,1366.449757,41.92172723,214.0485294,30.64345509,J2_10hpi,Effector,No,0,0,0,0,1
Hsc_gene_26083,179.4491623,375.2350974,27.46421199,47.29520744,30.64547907,48hpi,Effector,No,0,0,0,0,1
Hsc_gene_1071,4.43406841,10.71734421,98.90533475,777.5115939,99.13249315,12dpi male,Effector,No,0,0,0,0,1
Hsc_gene_9969,41.69538839,66.4841035,2623.427947,2761.836578,566.7285234,12dpi fem._12dpi male,Effector,No,0,0,0,0,1
Hsc_gene_22179,341.0719697,243.3668114,3.453830893,14.87135447,3.560853991,10hpi_48hpi,Effector,No,0,0,0,0,1
Hsc_gene_17164,69.72495736,379.3285799,2426.288248,951.2117826,2172.071129,12dpi female_24dpi,Effector,No,0,0,0,0,1
Hsc_gene_16698,5.561632436,28.04671928,520.5942737,60045.93209,126.1224928,12dpi male,Effector,No,0,0,0,0,1
Hsc_gene_19021,3.74857972,23.98742712,192.9567771,6550.820172,142.9340972,12dpi male,Effector,No,0,0,0,0,1
Hsc_gene_5242,165.8696156,460.4116211,12.97887926,19.74432929,11.12684761,48hpi,Effector,No,0,0,0,0,1
Hsc_gene_26019,1364.779471,283.5790231,49.95025859,3179.384293,37.90529021,Not Clustered but DE,Effector,No,0,0,0,0,1
Hsc_gene_21644,27.50881408,116.492129,1517.352153,1237.60826,545.9669329,12dpi fem._12dpi male_24dpi,Effector,No,0,0,0,0,1
Hsc_gene_6798,1141.369028,1452.997059,53.54576608,60.84209312,18.4629854,10hpi_48hpi,Effector,No,0,0,0,0,1
Hsc_gene_13148,385.8393003,791.3096205,90.76633822,108.5376102,43.76637466,48hpi,Effector,No,0,0,0,0,1
Hsc_gene_7566,1693.878692,2450.888873,1780.307579,2630.216819,1340.806573,Not Clustered but DE,Effector,No,0,0,0,0,1
Hsc_gene_130,2130.497798,3182.344536,5769.545091,4492.145144,5547.673035,Not Clustered but DE,Effector,No,0,0,0,0,1
Hsc_gene_12779,414.956506,1626.427887,498.111948,774.202405,404.805479,48hpi,Effector,No,0,0,0,0,1
Hsc_gene_13151,2668.489631,2025.224868,48.05019412,97.74654234,19.59809976,J2_10hpi_48hpi,Effector,No,0,0,0,0,1
Hsc_gene_17198,4493.540801,3743.770296,4389.37035,1599.230036,8613.637409,Not Clustered but DE,Effector,No,0,0,0,0,1
Hsc_gene_12871,3.027409223,8.614739765,27.71146312,192.0461731,64.27233235,Not Clustered but DE,Effector,No,0,0,0,0,1
Hsc_gene_24464,408.8704696,515.7989902,33.16460777,46.01085624,7.621130384,10hpi_48hpi,Effector,No,0,0,0,0,1
Hsc_gene_17932,14.7493703,1243.197955,83.65668658,139.3901456,39.01491005,48hpi,Effector,No,0,0,0,0,1
Hsc_gene_10002,1643.241671,1074.323489,21.60454348,36.66433449,8.214185896,10hpi_48hpi,Effector,No,0,0,0,0,1
Hsc_gene_15388,1611.57525,1359.307342,47.1943968,62.50214329,32.63831266,10hpi_48hpi,Effector,No,0,0,0,0,1
Hsc_gene_15460,86.13733721,439.5971621,17.55357974,20.43922096,8.239730298,48hpi,Effector,No,0,0,0,0,1
Hsc_gene_8174,141.5195362,162.1422369,84.81973093,91.00970238,52.74509677,10hpi_48hpi,Effector,No,0,0,0,0,1
Hsc_gene_6560,5017.291305,5126.054705,4435.485432,5738.376653,5282.648719,J2_48hpi_12dpi male,Effector,No,0,0,0,0,1
Hsc_gene_17355,24.30628467,56.36467431,251.8531272,233.534281,188.6792477,12dpi fem._12dpi male_24dpi,Effector,No,0,0,0,0,1
Hsc_gene_17357,17.05078495,18.79921869,159.5390303,166.3392689,137.9076465,12dpi fem._12dpi male_24dpi,Effector,No,0,0,0,0,1
Hsc_gene_17360,9021.769497,2903.245224,51.64440454,445.2975475,63.21039536,10hpi,Effector,No,0,0,0,0,1
Hsc_gene_17371,7313.514814,10067.80843,312.7416088,481.5358289,159.8419022,10hpi_48hpi,Effector,No,0,0,0,0,1
Hsc_gene_6756,87.1699958,121.1441499,77.45453367,1035.342007,68.15600619,12dpi male,Effector,No,0,0,0,0,1
Hsc_gene_3916,0,0,5050.320104,5379.48267,25.51655937,12dpi fem._12dpi male,Effector,No,0,0,0,0,1
Hsc_gene_8306,3488.472459,1877.629781,100.9981651,705.7909173,130.5996993,J2_10hpi_48hpi,Effector,No,0,0,0,0,1
Hsc_gene_10004,238.1497873,386.510583,21.87689806,38.6151489,10.50743811,48hpi,Effector,No,0,0,0,0,1
Hsc_gene_19074,0.756852306,1.510678533,1917.26714,2363.619526,12.68227556,12dpi fem._12dpi male,Effector,No,0,0,0,0,1
Hsc_gene_13157,145.0449555,136.7341986,105.8964342,248.7895166,157.897632,Cyst_J2,Effector,No,0,0,0,0,1
Hsc_gene_6501,9307.277207,4830.403366,111.9177396,908.8700562,150.461339,J2_10hpi,Effector,No,0,0,0,0,1
Hsc_gene_15452,1634.151324,583.8888785,388.6333064,19538.45898,80.44119844,Not Clustered but DE,Effector,No,0,0,0,0,1
Hsc_gene_21622,976.4540288,2506.161769,1816.581623,1699.75609,40.49005858,48hpi,Effector,No,0,0,0,0,1
Hsc_gene_7510,1256.901207,945.8346149,22.489023,51.09087752,15.81588913,10hpi_48hpi,Effector,No,0,0,0,0,1
Hsc_gene_12231,1045.04237,460.5070968,0.402912659,8.96175892,1.7836646,10hpi,Effector,No,0,0,0,0,1
Hsc_gene_13824,809.5676379,215.9633365,0.189137009,1.7484874,0.379030503,J2_10hpi,Effector,No,0,0,0,0,1
Hsc_gene_1499,3436.656616,976.0076088,0.213775651,5.897300186,0.52739558,10hpi,Effector,No,0,0,0,0,1
Hsc_gene_23939,2425.990011,820.0994797,1.289586414,13.8470291,1.489768018,J2_10hpi_48hpi,Effector,No,0,0,0,0,1
Hsc_gene_18338,437.3039403,558.7979585,4.132331985,13.03589788,2.394574917,10hpi_48hpi,Effector,No,0,0,0,0,1
Hsc_gene_13535,535.9951801,76.89883584,7.276634154,4.707533902,4.263373437,J2_10hpi,Effector,No,0,0,0,0,1
Hsc_gene_25558,32.82067386,2834.858364,257.760591,378.9414689,110.3973549,48hpi,Effector,No,0,0,0,0,1
Hsc_gene_4982,47.30966672,35.00299974,8899.92434,8312.786549,589.0621021,12dpi fem._12dpi male,Effector,No,0,0,0,0,1
Hsc_gene_10268,9794.54609,4107.59371,453.3581063,4360.150319,336.2062789,J2_10hpi,Effector,No,0,0,0,0,1
Hsc_gene_18899,10936.1391,5585.434646,130.0577985,820.8292663,221.7866699,J2_10hpi,Effector,No,0,0,0,0,1
Hsc_gene_3849,222.4674879,3323.099952,83.84489888,119.620324,25.77807685,48hpi,Effector,No,0,0,0,0,1
Hsc_gene_9353,358.7925961,289.0793022,16.12037994,30.40919206,11.15279681,J2_10hpi_48hpi,Effector,No,0,0,0,0,1
Hsc_gene_6564,23337.72729,26655.31157,14533.32464,9607.553444,14907.52258,10hpi_48hpi_12dpi fem._24dpi,Effector,No,0,0,0,0,1
Hsc_gene_17984,165.0801519,1577.899201,7785.948268,10721.23821,2555.723657,12dpi fem._12dpi male,Effector,No,0,0,0,0,1
Hsc_gene_26307,1309.23144,616.572724,382.1872039,1222.155935,418.5558072,Decreasing,Effector,No,0,0,0,0,1
Hsc_gene_11002,3659.891851,2133.943873,2280.397554,2822.065887,2291.937371,J2_10hpi_12dpi male,Effector,No,0,0,0,0,1
Hsc_gene_19123,159.8236483,236.6470318,5.841585027,17.9358132,8.243778259,10hpi_48hpi,Effector,No,0,0,0,0,1
Hsc_gene_11484,7484.811319,8283.210081,632.4729069,3004.930126,387.119749,Cyst_J2_10hpi_48hpi,Effector,No,0,0,0,0,1
Hsc_gene_20960,135.0272481,177.6053975,33.25247617,34.38786438,27.43482751,10hpi_48hpi,Effector,No,0,0,0,0,1
Hsc_gene_18352,66.17679324,120.8641472,13.84827924,11.82154087,8.471205315,48hpi,Effector,No,0,0,0,0,1
Hsc_gene_24475,8.765915473,109.1117931,40.5876568,71.73477526,26.92123877,48hpi,Effector,No,0,0,0,0,1
Hsc_gene_11893,188.0316263,161.0457856,0.935951039,2.400325385,1.489363222,10hpi_48hpi,Effector,No,0,0,0,0,1
Hsc_gene_11893a,188.0316263,161.0457856,0.935951039,2.400325385,1.489363222,10hpi_48hpi,Effector,No,0,0,0,0,1
Hsc_gene_17874,97.77828653,185.9381231,16.00972223,22.75725679,9.277118283,48hpi,Effector,No,0,0,0,0,1
Hsc_gene_18500,119.4529507,153.7288939,47.74815017,92.45802648,58.67017055,10hpi_48hpi,Effector,No,0,0,0,0,1
Hsc_gene_25987,346.4825436,709.9542823,54.39238166,52.87010334,19.80034038,48hpi,Effector,No,0,0,0,0,1
Hsc_gene_12727,21.7687726,40.79285126,154.753171,164.9339786,130.1520546,Cyst,Effector,No,0,0,0,0,1
Hsc_gene_26308,3391.182227,2414.638466,2446.483645,2660.219765,1434.395225,Not Clustered but DE,Effector,No,0,0,0,0,1
Hsc_gene_20943,8663.624915,15929.68179,7251.810915,4800.714886,3584.580372,48hpi,Effector,No,0,0,0,0,1
Hsc_gene_6504,2980.76549,3566.225463,2414.038618,893.9322346,1939.641914,10hpi_48hpi_12dpi fem.,Effector,No,0,0,0,0,1
Hsc_gene_21923,0,3.501150828,11.30524094,117.3693661,11.30885148,12dpi male,Effector,No,0,0,0,0,1
Hsc_gene_8253,4593.987463,2504.92667,122.0981549,717.9705559,149.676616,J2_10hpi_48hpi,Effector,No,0,0,0,0,1
Hsc_gene_10211,3703.876507,2341.872481,182.9577341,751.7804143,183.1798405,J2_10hpi,Effector,No,0,0,0,0,1
Hsc_gene_8171,204.1990576,96.17331741,4.385650915,4.208841469,0,10hpi,Effector,No,0,0,0,0,1
Hsc_gene_17204,6044.621315,362.3335899,1.49362806,20.05443821,5.471790499,J2_10hpi,Effector,No,0,0,0,0,1
Hsc_gene_17214,17664.23209,1830.829172,13.1916153,792.7540274,15.06020854,J2_10hpi,Effector,No,0,0,0,0,1
Hsc_gene_13409,126.9265683,221.4418092,29.42037126,30.54771238,23.39281071,48hpi,Effector,No,0,0,0,0,1
Hsc_gene_4419,176.1343266,171.9639821,335.5258779,284.1586526,319.367919,J2,Effector,No,0,0,0,0,1
Hsc_gene_1153,1058.699421,7774.784693,67684.25027,10906.07919,42396.13404,12dpi female_24dpi,Effector,No,0,0,0,0,1
Hsc_gene_4741,4104.491532,1777.001714,5.401930582,15.86024188,3.272623027,10hpi,Effector,No,0,0,0,0,1
Hsc_gene_1076,76.84584276,65.29053449,5.9154135,15.09682407,4.736441847,J2_10hpi_48hpi,Effector,No,0,0,0,0,1
Hsc_gene_9960,6.31848474,31.89997286,70.45039655,1864.999853,27.39354442,12dpi male,Effector,No,0,0,0,0,1
Hsc_gene_647,373.364514,1455.080995,8.455562857,23.79387752,3.098713548,48hpi,Effector,No,0,0,0,0,1
Hsc_gene_16730,2343.862151,869.908406,2.075943724,10.03761551,0.582532343,10hpi,Effector,No,0,0,0,0,1
Hsc_gene_18366,3391.288524,1379.246302,12.86261856,69.16284137,17.8832851,10hpi,Effector,No,0,0,0,0,1
Hsc_gene_17854,621.6821107,489.1457784,3.510473043,2.406473067,1.638133095,10hpi_48hpi,Effector,No,0,0,0,0,1
Hsc_gene_1628,456.7323276,543.1512211,1940.119509,996.5356383,2712.096082,12dpi female_24dpi,Effector,No,0,0,0,0,1
Hsc_gene_9770,137.2246877,698.4099695,70.80968992,69.47530007,29.45765825,48hpi,Effector,No,0,0,0,0,1
Hsc_gene_18724,812.4126174,2694.626411,130520.6694,118671.4771,11310.45501,12dpi fem._12dpi male,Effector,No,0,0,0,0,1
Hsc_gene_15399,0,59.30089188,10.04266231,8.994847101,4.063109965,48hpi,Effector,No,0,0,0,0,1
Hsc_gene_14455,179.3696858,56.99224885,97.08453955,49.74561592,14.67308517,J2_10hpi,Effector,No,0,0,0,0,1
Hsc_gene_18465,1700.372952,682.2728162,17.73491952,82.68895414,19.00499742,10hpi,Effector,No,0,0,0,0,1
Hsc_gene_21205,139.6366551,186.7893065,41.14614354,53.11636576,37.03543473,10hpi_48hpi,Effector,No,0,0,0,0,1
Hsc_gene_18332,320.0803024,167.5554015,6.925367916,4.639007761,8.314341049,10hpi,Effector,No,0,0,0,0,1
Hsc_gene_24842,851.88184,568.8914563,3.692245185,17.82190352,2.016758802,10hpi_48hpi,Effector,No,0,0,0,0,1
Hsc_gene_11906,2022.586126,1093.760913,8.151292218,22.60176147,5.049002825,10hpi,Effector,No,0,0,0,0,1
Hsc_gene_21877,2122.379776,751.307028,2.660541073,9.439658529,4.707659077,10hpi,Effector,No,0,0,0,0,1
Hsc_gene_24403,810.4088738,349.382517,1.724590034,7.099361832,1.516526807,10hpi,Effector,No,0,0,0,0,1
Hsc_gene_4725,813.2711891,577.4311343,20.40273801,35.30675761,12.89917945,10hpi_48hpi,Effector,No,0,0,0,0,1
Hsc_gene_25512,853.1380192,938.0083807,33.69807851,37.73402349,24.16953611,10hpi_48hpi,Effector,No,0,0,0,0,1
Hsc_gene_26687,1471.808805,490.3869743,12.26311658,5.365519567,39.37932412,10hpi,Effector,No,0,0,0,0,1
Hsc_gene_16732,7.37468515,161.0197067,15.63661885,16.8060756,4.809433413,48hpi,Effector,No,0,0,0,0,1
Hsc_gene_15393,0,390.529954,28.14788372,48.8744162,11.04373767,48hpi,Effector,No,0,0,0,0,1
Hsc_gene_15412,501.922496,524.2621189,23.10923506,37.11527369,15.61926729,10hpi_48hpi,Effector,No,0,0,0,0,1
Hsc_gene_14873,50.41904435,367.0328406,46.89951526,88.58623442,36.66701954,48hpi,Effector,No,0,0,0,0,1
Hsc_gene_25536,124.2222674,11.99857215,0,0.5918093,0.933589668,J2_10hpi,Effector,No,0,0,0,0,1
Hsc_gene_16833,5019.029577,1416.673833,13.3050745,62.09043995,6.713489913,10hpi,Effector,No,0,0,0,0,1
Hsc_gene_25807,282.151993,212.9577221,0,4.275017836,0.758465802,10hpi_48hpi,Effector,No,0,0,0,0,1
Hsc_gene_17940,520.1013647,428.7626469,3.606226116,8.463066486,1.544095189,10hpi_48hpi,Effector,No,0,0,0,0,1
Hsc_gene_10918,5193.978731,1007.798616,56.71887036,1380.305181,142.3700885,J2,Effector,No,0,0,0,0,1
Hsc_gene_18224,3454.638274,2091.908183,44.09911446,554.039268,40.13207594,J2,Effector,No,0,0,0,0,1
Hsc_gene_9683,585.1207516,310.7211268,2.398007947,7.14094747,1.490172814,10hpi_48hpi,Effector,No,0,0,0,0,1
Hsc_gene_1662,284.1613755,667.1846171,72.32987084,66.32005433,81.14319844,48hpi,Effector,No,0,0,0,0,1
Hsc_gene_5263,2499.065073,1188.793594,4.88888002,54.67014187,1.313024967,10hpi_48hpi,Effector,No,0,0,0,0,1
Hsc_gene_7507,587.2651852,410.1356822,18.4440396,39.44092526,22.85650962,J2_10hpi_48hpi,Effector,No,0,0,0,0,1
Hsc_gene_24465,349.4795319,368.407864,14.43752742,19.27024749,5.928265322,10hpi_48hpi,Effector,No,0,0,0,0,1
Hsc_gene_25609,64.39613348,289.9120015,4.468781037,8.409185484,1.462199636,48hpi,Effector,No,0,0,0,0,1
Hsc_gene_14448,632.7863564,321.9233037,0.764000353,5.371667251,1.08154995,10hpi,Effector,No,0,0,0,0,1
Hsc_gene_4353,147.1386386,479.6513679,171.3830177,155.6843716,191.7737774,48hpi,Effector,No,0,0,0,0,1
Hsc_gene_8151,0,441.3644313,3.414807422,2.286415698,1.110332719,48hpi,Effector,No,0,0,0,0,1
Hsc_gene_6592,2978.895806,1114.773659,43.51856068,205.6323145,81.61136095,10hpi,Effector,No,0,0,0,0,1
Hsc_gene_16531,19.60679633,87.96641877,142.3418501,198.2137799,33.76564375,48hpi_12dpi fem.12dpimale_24dpi,Effector,No,0,0,0,0,1
Hsc_gene_25948,11.6351686,1506.649663,4685.708937,3867.740588,1527.151147,12dpi fem._12dpi male_24dpi,Effector,No,0,0,0,0,1
Hsc_gene_17812,5956.549656,1508.520489,14.00734953,49.40241881,11.08875606,10hpi,Effector,No,0,0,0,0,1
Hsc_gene_8893,3247.977882,2773.352231,32.07406728,57.33985236,19.28189562,10hpi_48hpi,Effector,No,0,0,0,0,1
Hsc_gene_8814,839.8821006,769.1193717,56.67990189,54.74714556,25.19797176,10hpi_48hpi,Effector,No,0,0,0,0,1
Hsc_gene_8813,960.1606335,695.1022237,30.52538404,32.82796049,42.71927157,10hpi_48hpi,Effector,No,0,0,0,0,1
Hsc_gene_1217,2704.100595,1068.510263,5.328534464,39.39554171,1.110737515,10hpi,Effector,No,0,0,0,0,1
Hsc_gene_14928,6228.812415,1901.564902,69.44936642,445.508456,11.92952221,10hpi,Effector,No,0,0,0,0,1
Hsc_gene_9994,391.4026864,253.5446458,11.71806251,18.29600522,18.19908445,10hpi_48hpi,Effector,No,0,0,0,0,1
Hsc_gene_10003,5981.488259,3215.940848,21.06318807,87.50043221,100.2997087,10hpi,Effector,No,0,0,0,0,1
Hsc_gene_16648,3006.321983,826.4066376,2.152141336,21.486669,0.730492624,J2_10hpi,Effector,No,0,0,0,0,1
Hsc_gene_8167,1005.505232,1312.172598,66.05255504,81.67927391,19.11608053,10hpi_48hpi,Effector,No,0,0,0,0,1
Hsc_gene_18335,338.6877897,520.2444645,3.817720081,11.42826067,2.247829023,10hpi_48hpi,Effector,No,0,0,0,0,1
Hsc_gene_17188,3.168601231,483.7429499,19.47380693,56.7187727,18.94217105,48hpi,Effector,No,0,0,0,0,1
Hsc_gene_15030,320.5618682,590.0607871,48.87898365,40.60375104,23.37819428,48hpi,Effector,No,0,0,0,0,1
Hsc_gene_3867,403.0604401,238.3662684,28.43566275,89.21348167,15.73804001,J2_10hpi_48hpi,Effector,No,0,0,0,0,1
Hsc_gene_15437,524.1609128,819.3180243,132.5161698,115.5538007,77.24743061,48hpi,Effector,No,0,0,0,0,1
Hsc_gene_15451,13778.79748,11333.65655,231.1120957,453.9509609,175.3631305,10hpi_48hpi,Effector,No,0,0,0,0,1
Hsc_gene_15455,0,0,6.8300472,70.33271648,2.274992609,12dpi male,Effector,No,0,0,0,0,1
Hsc_gene_25970,2615.264761,1583.891407,14.81455936,29.26245955,9.164011185,10hpi_48hpi,Effector,No,0,0,0,0,1
Hsc_gene_438,273.1550226,264.9822623,10.9567762,34.28245215,16.94322022,10hpi_48hpi,Effector,No,0,0,0,0,1
Hsc_gene_16829,921.3246319,1057.966262,35.20204783,43.92913723,14.97188461,10hpi_48hpi,Effector,No,0,0,0,0,1
Hsc_gene_17093,203.2167127,464.7060581,39.67917835,36.67428008,10.06193808,48hpi,Effector,No,0,0,0,0,1
Hsc_gene_3413,14.76808802,146.5406434,14.21410522,11.7922506,9.897337381,48hpi,Effector,No,0,0,0,0,1
Hsc_gene_11143,348.8603644,138.8411866,2.009480116,3.025222869,0.933589668,10hpi,Effector,No,0,0,0,0,1
Hsc_gene_1202,5.702824443,238.8399621,20.14347119,25.79479493,34.2460438,48hpi,Effector,No,0,0,0,0,1
Hsc_gene_14409,82.13569599,478.2129004,16.1747404,24.95055562,6.862664582,48hpi,Effector,No,0,0,0,0,1
Hsc_gene_21312,9337.942479,4424.603575,169.593441,1202.345178,166.2605002,J2_10hpi,Effector,No,0,0,0,0,1
Hsc_gene_7095,839.1406771,429.3840849,2.250176095,11.52137754,5.493288464,10hpi_48hpi,Effector,No,0,0,0,0,1
Hsc_gene_7092,97.09915714,61.74854875,11.89509637,8.262187614,6.833477017,10hpi_48hpi,Effector,No,0,0,0,0,1
Hsc_gene_17168,585.514645,274.4446049,3.522576186,3.031370551,1.110332719,10hpi_48hpi,Effector,No,0,0,0,0,1
Hsc_gene_15265,2901.99747,597.9819159,0.977776004,15.10532153,0.731302216,10hpi,Effector,No,0,0,0,0,1
Hsc_gene_19799,110.581525,197.7022058,10.06501926,11.21508643,5.078999982,48hpi,Effector,No,0,0,0,0,1
Hsc_gene_18466,3087.05476,1598.365257,28.65960476,80.23560957,23.29593923,10hpi_48hpi,Effector,No,0,0,0,0,1
Hsc_gene_25237,316.5106515,183.3409689,5.844386521,34.23090101,10.20459071,10hpi,Effector,No,0,0,0,0,1
Hsc_gene_18068,430.6702418,555.7729843,15.8164542,15.95335875,5.567089624,10hpi_48hpi,Effector,No,0,0,0,0,1
Hsc_gene_10526,25.8913529,49.10417634,2545.423113,8531.759631,607.5402314,12dpi male,Effector,No,0,0,0,0,1
Hsc_gene_6895,611.9409478,417.3571728,29.77391918,52.74624806,117.6530773,10hpi_48hpi,Effector,No,0,0,0,0,1
Hsc_gene_19260,32.49046802,305.4804658,1913.261968,1842.474622,2642.254921,12dpi fem._12dpi male_24dpi,Effector,No,0,0,0,0,1
Hsc_gene_20481,3.590423624,28.50390386,4831.563861,2836.849424,2022.033623,12dpi fem.,Effector,No,0,0,0,0,1
Hsc_gene_10427,477.6829692,150.6798888,1.692499073,1.874692452,0.906021287,10hpi,Effector,No,0,0,0,0,1
Hsc_gene_1517a,147.5776435,530.4089839,353112.617,130694.7811,158676.8653,12dpi fem.,Effector,No,0,0,0,0,1
Hsc_gene_17937,0.756852306,46.5209753,15642.59499,5274.614638,4789.132659,12dpi fem.,Effector,No,0,0,0,0,1
Hsc_gene_24871,3078.582588,2858.494573,142.0046837,133.6966405,42.68118154,10hpi_48hpi,Effector,No,0,0,0,0,1
Hsc_gene_25973,14.01123572,87.91944732,70.59228051,50.53360455,23.99400745,48hpi_12dpi fem.12dpimale_24dpi,Effector,No,0,0,0,0,1
Hsc_gene_17770,5962.958935,4243.049435,57.6700434,149.940217,23.91741955,J2_10hpi_48hpi,Effector,No,0,0,0,0,1
Hsc_gene_21127,1.513704611,1.030884769,0.171950685,0.624897484,0.554559165,NA,Effector,No,0,0,0,0,1
Hsc_gene_14383b,2404.971076,1828.659654,56.4571744,72.17343901,27.75836328,J2_10hpi_48hpi,Effector,No,0,0,0,0,1
Hsc_gene_9287,0,65.19502242,24.58908555,71.52011307,37.88717415,J2_48hpi_12dpi male,Effector,No,0,0,0,0,1
Hsc_gene_12975,30.39349607,27.87114303,1.616301462,3.536210666,2.450521272,J2_10hpi_48hpi,Effector,No,0,0,0,0,1
Hsc_gene_18359,24.14483972,10.16106692,0,0,0.351866917,10hpi,Effector,No,0,0,0,0,1
Hsc_gene_18360,8.449603283,7.548206373,5.797390923,7.711963952,1.923125692,10hpi_48hpi,Effector,No,0,0,0,0,1
Hsc_gene_21492,14064.23945,6731.57218,24.5987321,263.1414256,6.094080408,J2_10hpi,Effector,No,0,0,0,0,1
Hsc_gene_590,192.6815392,110.125255,0,5.996564735,0,J2_10hpi_48hpi,Effector,No,0,0,0,0,1
Hsc_gene_23186,11.4413307,165.2702814,28.02986114,51.57725468,13.24169076,48hpi,Effector,No,0,0,0,0,1
Hsc_gene_23890,0,54.36634887,17.14700087,22.73646397,7.834750598,48hpi,Effector,No,0,0,0,0,1
Hsc_gene_8449,5.896662347,727.9745286,189.9452047,260.9882842,147.4161945,48hpi,Effector,No,0,0,0,0,1
Hsc_gene_8453,2.270556917,624.6509813,152.6688876,181.8709389,120.2095598,48hpi,Effector,No,0,0,0,0,1
Hsc_gene_1194,3910.594798,928.3039539,3.048549095,54.59546806,1.137496304,10hpi,Effector,No,0,0,0,0,1
Hsc_gene_4055,3.027409223,3.572448071,5.944790418,22.82110329,3.448961281,12dpi male,Effector,No,0,0,0,0,1
Hsc_gene_16377,1153.742549,1162.199693,22.39283757,12.05930584,4.439306896,10hpi_48hpi,Effector,No,0,0,0,0,1
Hsc_gene_17243,261.6114706,187.6245253,2.933328012,2.466501752,2.598886349,10hpi_48hpi,Effector,No,0,0,0,0,1
Hsc_gene_7134,530.7405719,343.8795711,5.974512241,6.540640716,2.164719083,10hpi_48hpi,Effector,No,0,0,0,0,1
Hsc_gene_15354,2.991727415,7.073598897,125.9287652,1.808516085,446.6537394,24dpi,Effector,No,0,0,0,0,1
Hsc_gene_15409,138.1758148,29.33580037,88.57838472,1687.202722,247.932804,J2_12dpi_male,Effector,No,0,0,0,0,1
Hsc_gene_15427,0,0,122.9492041,22.30776573,108.599974,12dpi female_24dpi,Effector,No,0,0,0,0,1
Hsc_gene_15470,132.2912924,37.20046087,158.0023127,4648.44009,114.2236761,12dpi male,Effector,No,0,0,0,0,1
Hsc_gene_16464,7.815225263,0,21.71248715,831.5609913,11.81029634,12dpi male,Effector,No,0,0,0,0,1
Hsc_gene_1656,10986.40411,2617.6365,28.2886956,987.3439571,19.69006685,J2_10hpi,Effector,No,0,0,0,0,1
Hsc_gene_1682,2629.332965,1702.139926,20.30900917,143.5427563,34.9785604,10hpi_48hpi,Effector,No,0,0,0,0,1
Hsc_gene_18173,9985.858462,1931.77874,37.00563697,1029.506124,24.85455872,J2_10hpi,Effector,No,0,0,0,0,1
Hsc_gene_3527,3.590423624,0.515442385,52.87492467,1630.056109,41.88326778,12dpi male,Effector,No,0,0,0,0,1
Hsc_gene_7777,990.1983514,118.5766552,6.201343199,300.2434824,4.467280074,J2_10hpi,Effector,No,0,0,0,0,1
Hsc_gene_15525,6842.612632,3043.253024,21.43874804,294.1494365,26.74247326,J2_10hpi,Effector,No,0,0,0,0,1
Hsc_gene_15528,13265.6829,4251.568186,29.36696296,275.7182022,41.77232821,J2_10hpi,Effector,No,0,0,0,0,1
Hsc_gene_24836,14.72911736,542.1808276,89.17609238,157.3775099,43.07802001,48hpi,Effector,No,0,0,0,0,1
Hsc_gene_21111,63.50313165,199.3831269,12.73021116,30.74624148,11.24440594,48hpi,Effector,No,0,0,0,0,1
Hsc_gene_15421,53.24376451,4150.169906,570.474847,597.383705,193.9958868,48hpi,Effector,No,0,0,0,0,1
Hsc_gene_16012,0.756852306,513.1446029,104.4729084,107.9250081,57.08182126,48hpi,Effector,No,0,0,0,0,1
Hsc_gene_17104,28.07358211,4637.982114,519.6446223,495.2174569,232.6547944,48hpi,Effector,No,0,0,0,0,1
Hsc_gene_17161,0,1682.299839,96.46156339,140.4736179,44.3991409,48hpi,Effector,No,0,0,0,0,1
Hsc_gene_17207,8.395203755,2609.867778,367.2877475,434.1844106,195.3217232,48hpi,Effector,No,0,0,0,0,1
Hsc_gene_21707,48.6806441,1750.242758,235.7968367,242.1982463,115.383844,48hpi,Effector,No,0,0,0,0,1
Hsc_gene_21951,9.64524207,1589.376276,189.1217508,221.7312031,72.00383145,48hpi,Effector,No,0,0,0,0,1
Hsc_gene_24468,6.054818447,1738.353873,242.5249805,214.4593709,93.71763076,48hpi,Effector,No,0,0,0,0,1
Hsc_gene_25975,0,342.6004655,97.4308848,72.69055458,47.14765355,48hpi,Effector,No,0,0,0,0,1
Hsc_gene_26006,2.270556917,6103.413511,441.8880072,433.5363705,201.5025568,48hpi,Effector,No,0,0,0,0,1
Hsc_gene_26047,15.48596967,2914.185718,254.4982713,195.8187006,95.93829469,48hpi,Effector,No,0,0,0,0,1
Hsc_gene_26058,8.907107481,4647.187128,190.720976,353.1414279,85.62505118,48hpi,Effector,No,0,0,0,0,1
Hsc_gene_26289,10.89374516,946.4089341,127.0064704,123.2303267,61.34883786,48hpi,Effector,No,0,0,0,0,1
Hsc_gene_8166,0,88.20730314,50.46253189,26.13182445,26.91107357,48hpi,Effector,No,0,0,0,0,1
Hsc_gene_8950,4.840461937,965.8135237,156.4843535,118.1634826,66.43238273,48hpi,Effector,No,0,0,0,0,1
Hsc_gene_9216,35.93816442,1627.626356,179.6748143,178.9672414,58.01100501,48hpi,Effector,No,0,0,0,0,1
Hsc_gene_9268,83.12689206,1987.895332,174.2285697,183.5585159,69.75033528,48hpi,Effector,No,0,0,0,0,1
Hsc_gene_9271,71.71817273,1525.033637,176.8883885,145.9176092,70.41309869,48hpi,Effector,No,0,0,0,0,1
Hsc_gene_9280,64.64765976,1361.124537,108.8981026,157.4158641,71.00579471,48hpi,Effector,No,0,0,0,0,1
Hsc_gene_9767,23.53071464,1434.393581,167.9636843,191.0426405,55.12671974,48hpi,Effector,No,0,0,0,0,1
Hsc_gene_9835,5.226602524,1863.254481,245.5497832,222.5646151,99.25224613,48hpi,Effector,No,0,0,0,0,1
Hsc_gene_13361,92.71137531,1156.360378,129.6771553,12.49796958,121.865004,48hpi,Effector,No,0,0,0,0,1
Hsc_gene_15385,5.439158148,111.2811639,234.2134408,336.0153177,276.673559,12dpi fem._12dpi male_24dpi,Effector,No,0,0,0,0,1
Hsc_gene_15410,22.02029889,133.9614317,315.2349747,403.9523685,364.4413344,12dpi fem._12dpi male_24dpi,Effector,No,0,0,0,0,1
Hsc_gene_1877,464.8942029,206.44902,428.169844,206.2241238,236.6803505,Not Clustered but DE,Effector,No,0,0,0,0,1
Hsc_gene_19501,683.0955863,185.0388048,3.210765776,5.882655048,2.737133052,J2_10hpi,Effector,No,0,0,0,0,1
Hsc_gene_19509,297.6318218,118.0158469,0.189137009,1.694606397,0.175528663,J2_10hpi_48hpi,Effector,No,0,0,0,0,1
Hsc_gene_23843,14.8548805,26.46741036,47.97295689,30.3468136,29.77224168,12dpi fem.,Effector,No,0,0,0,0,1
Hsc_gene_23845,19.97772646,19.46762814,13.0127321,14.37266204,8.324054627,NA,Effector,No,0,0,0,0,1
Hsc_gene_23854,133.2516308,171.5938011,278.1271474,285.2342736,39.29949937,12dpi fem._12dpi male,Effector,No,0,0,0,0,1
Hsc_gene_23856,238.585285,172.3544003,350.7019554,289.2331126,41.41150895,12dpi fem._12dpi male,Effector,No,0,0,0,0,1
Hsc_gene_23857,96.81041379,50.56883367,787.8992491,966.7457781,105.6012268,12dpi fem._12dpi male,Effector,No,0,0,0,0,1
Hsc_gene_13284,337.3013834,681.4963632,117.2722648,156.7271201,91.94111202,48hpi,Effector,No,0,0,0,0,1
Hsc_gene_24410,17.70541591,11.39879309,20.7666272,48.76287619,23.65140248,10hpi_12dpi male,Effector,No,0,0,0,0,1
Hsc_gene_25172,1078.223536,1626.605694,206.9413874,219.8787914,121.6408122,10hpi_48hpi,Effector,No,0,0,0,0,1
Hsc_gene_25247,5.190920716,693.8960122,112.3039533,107.5194524,37.60213473,48hpi,Effector,No,0,0,0,0,1
Hsc_gene_11262,0,1.546327154,77.30283316,77.06103906,74.5674583,12dpi fem._12dpi male_24dpi,Effector,No,0,0,0,0,1
Hsc_gene_11271,2.270556917,1.546327154,110.5146989,54.15298649,120.2029441,12dpi female_24dpi,Effector,No,0,0,0,0,1
Hsc_gene_11283,0,3.092654307,123.0850576,82.52584309,75.48157398,12dpi fem.,Effector,No,0,0,0,0,1
Hsc_gene_11284,0,4.97618074,90.28266457,52.8823987,64.1204193,12dpi fem.,Effector,No,0,0,0,0,1
Hsc_gene_11688,2.991727415,36.6927242,50.89164262,34.07775546,37.68322221,Not Clustered but DE,Effector,No,0,0,0,0,1
Hsc_gene_11689,18.07459241,91.32085001,215.2414785,147.9232063,166.4622907,12dpi fem._12dpi male_24dpi,Effector,No,0,0,0,0,1
Hsc_gene_11801,0,328.6049897,216.6941414,224.2817379,135.8494686,48hpi_12dpi fem.12dpimale_24dpi,Effector,No,0,0,0,0,1
Hsc_gene_1514,6.775988943,15.00688978,160.561083,63.77273107,148.6904904,12dpi female_24dpi,Effector,No,0,0,0,0,1
Hsc_gene_1515,5.738506251,10.57474973,82.8835595,35.76006649,74.9654628,12dpi female_24dpi,Effector,No,0,0,0,0,1
Hsc_gene_1630,2.869253126,0.995236148,12.38122661,3.590091668,7.779613835,NA,Effector,No,0,0,0,0,1
Hsc_gene_16881,0,0,19.13464384,4.659800581,18.51731257,12dpi female_24dpi,Effector,No,0,0,0,0,1
Hsc_gene_16882,0,0,0.171950685,0,0.20350184,NA,Effector,No,0,0,0,0,1
Hsc_gene_16883,0,0,0,0,0.175528663,NA,Effector,No,0,0,0,0,1
Hsc_gene_17202,1.478022803,30.60570548,224.0196254,243.3039595,220.5928301,12dpi fem._12dpi male_24dpi,Effector,No,0,0,0,0,1
Hsc_gene_17216,3.712897913,4.087890455,74.74489022,12.43179322,85.24552221,12dpi female_24dpi,Effector,No,0,0,0,0,1
Hsc_gene_19006,0,13.03464321,4.144435129,6.155857969,1.544499985,48hpi,Effector,No,0,0,0,0,1
Hsc_gene_19009,1.513704611,821.4109861,273.1862131,355.2061719,250.565518,48hpi,Effector,No,0,0,0,0,1
Hsc_gene_19009a,1.513704611,821.4109861,273.1862131,355.2061719,250.565518,48hpi,Effector,No,0,0,0,0,1
Hsc_gene_19127,0,1.546327154,33.70238443,13.32756376,38.34481654,12dpi female_24dpi,Effector,No,0,0,0,0,1
Hsc_gene_19128,0,1.030884769,12.79387327,7.053978285,22.92581272,12dpi female_24dpi,Effector,No,0,0,0,0,1
Hsc_gene_19142,0,0,54.09452372,27.08147599,68.5921053,12dpi female_24dpi,Effector,No,0,0,0,0,1
Hsc_gene_1943,2.869253126,43.84985695,210.7626137,213.1451431,209.5623962,12dpi fem._12dpi male_24dpi,Effector,No,0,0,0,0,1
Hsc_gene_1951,1.513704611,1.510678533,11.79189098,4.007962596,8.17568955,12dpi female_24dpi,Effector,No,0,0,0,0,1
Hsc_gene_21866,0,4.567684218,5.847188015,12.08009866,8.942654542,12dpi male,Effector,No,0,0,0,0,1
Hsc_gene_21867,0,2.541563302,10.27134259,13.83473374,6.188118313,12dpi fem._12dpi male,Effector,No,0,0,0,0,1
Hsc_gene_24447,0,23.14702207,96.10885763,66.02605859,93.29510588,12dpi fem._12dpi male_24dpi,Effector,No,0,0,0,0,1
Hsc_gene_24840,16.04898407,368.0419935,227.7756477,303.3906057,131.6056583,48hpi_12dpi fem.12dpimale_24dpi,Effector,No,0,0,0,0,1
Hsc_gene_24850,3.712897913,71.85307448,36.25963265,37.64325639,19.8781895,48hpi_12dpi fem.12dpimale_24dpi,Effector,No,0,0,0,0,1
Hsc_gene_24855,0,106.1520162,66.01004027,81.79935118,43.3897261,48hpi_12dpi fem.12dpimale_24dpi,Effector,No,0,0,0,0,1
Hsc_gene_24862,1.813052716,294.1714541,210.1172431,221.3511199,111.3865284,48hpi_12dpi fem.12dpimale_24dpi,Effector,No,0,0,0,0,1
Hsc_gene_24873,0,822.2135923,246.6270159,356.1245385,130.3842455,48hpi,Effector,No,0,0,0,0,1
Hsc_gene_24876,4138.258349,2371.730636,79.84454194,85.62953769,30.12946308,10hpi_48hpi,Effector,No,0,0,0,0,1
Hsc_gene_26000,15.78531777,1435.570318,445.5151832,615.5297165,322.3304522,48hpi,Effector,No,0,0,0,0,1
Hsc_gene_26001,4.804780131,1048.028628,339.8451477,460.8504052,319.9401064,48hpi,Effector,No,0,0,0,0,1
Hsc_gene_26067,0,373.7871711,167.7884998,139.8411047,179.9147319,48hpi,Effector,No,0,0,0,0,1
Hsc_gene_26068,4.43406841,308.1655739,127.5853823,121.8391152,73.67852905,48hpi,Effector,No,0,0,0,0,1
Hsc_gene_6068,0.756852306,332.197564,102.7674415,106.7583844,41.7220943,48hpi,Effector,No,0,0,0,0,1
Hsc_gene_6070,1.478022803,613.1816574,165.0623598,181.6592128,76.53069799,48hpi,Effector,No,0,0,0,0,1
Hsc_gene_6074,13.19998388,1109.554915,181.1304861,233.0994152,96.26304487,48hpi,Effector,No,0,0,0,0,1
Hsc_gene_670,35.21699392,505.5789459,495.6612962,552.5710727,416.3496147,48hpi_12dpi fem.12dpimale_24dpi,Effector,No,0,0,0,0,1
Hsc_gene_10574,618.2216778,2207.557223,128.1213047,310.0656336,76.13943453,48hpi,Effector,No,0,0,0,0,1
Hsc_gene_1035,1393.290144,2875.87749,259.7728727,214.6380088,75.56337739,48hpi,Effector,No,0,0,0,0,1
Hsc_gene_13378,59.69686355,325.7894493,74.82053557,82.87988743,43.14772791,48hpi,Effector,No,0,0,0,0,1
Hsc_gene_22123,635.1858299,954.5465466,986.4562646,868.1445242,1256.469978,Increasing,Effector,No,0,0,0,0,1
Hsc_gene_23383,20.01011941,9.367485887,10.45074559,98.98318014,6.223376293,J2_12dpi_male,Effector,No,0,0,0,0,1
Hsc_gene_18882,9641.631244,19989.28415,1209.242126,1302.079406,536.923282,48hpi,Effector,No,0,0,0,0,1
Hsc_gene_19402,429.7724158,805.4450532,407.6362029,482.6719852,395.0899928,48hpi,Effector,No,0,0,0,0,1
Hsc_gene_3024,479.0102936,1066.414117,69.86161319,211.7050211,59.64063739,48hpi,Effector,No,0,0,0,0,1
Hsc_gene_14977,2.11240082,447.9737953,39.06046581,76.3661673,29.92024879,48hpi,Effector,No,0,0,0,0,1
Hsc_gene_14990,9.786434076,1108.888001,110.6134559,151.7911805,79.48721206,48hpi,Effector,No,0,0,0,0,1
Hsc_gene_14996,2.569905022,605.8152003,88.61685594,101.4159676,60.89928835,48hpi,Effector,No,0,0,0,0,1
Hsc_gene_15002,0,123.6221217,22.0302779,22.96810116,11.67290759,48hpi,Effector,No,0,0,0,0,1
Hsc_gene_15003,5.947773021,332.8135573,74.92709472,81.00139707,44.13690597,48hpi,Effector,No,0,0,0,0,1
Hsc_gene_15008,0,86.14034733,15.30245147,25.33766823,16.23705914,48hpi,Effector,No,0,0,0,0,1
Hsc_gene_15018,2.270556917,414.6581115,72.99855049,75.47419467,41.26112141,48hpi,Effector,No,0,0,0,0,1
Hsc_gene_15974,0,111.3219988,46.49703496,52.56381223,31.65044264,48hpi,Effector,No,0,0,0,0,1
Hsc_gene_16080,11.7406788,1308.867187,159.0562764,195.8465427,111.1018998,48hpi,Effector,No,0,0,0,0,1
Hsc_gene_21006,0,16.42285906,68.95339219,70.4750347,35.90972129,12dpi fem._12dpi male_24dpi,Effector,No,0,0,0,0,1
Hsc_gene_21007,0,32.06331249,40.05641276,56.90498653,25.61023778,48hpi_12dpi fem.12dpimale_24dpi,Effector,No,0,0,0,0,1
Hsc_gene_21100,0,59.82937369,37.31299901,31.40890679,28.89459684,48hpi_12dpi fem.12dpimale_24dpi,Effector,No,0,0,0,0,1
Hsc_gene_22900,0,0,0,0,0,NA,Effector,No,0,0,0,0,1
Hsc_gene_22902,0,0,0,0,0,NA,Effector,No,0,0,0,0,1
Hsc_gene_24982,4.840461937,5.249133098,2.5522525,2.905165499,0.758870598,NA,Effector,No,0,0,0,0,1
Hsc_gene_25688,0,928.3085505,134.1375319,150.5466714,82.4367479,48hpi,Effector,No,0,0,0,0,1
Hsc_gene_25898,0,112.7093698,51.07965256,63.50187792,37.834513,48hpi_12dpi fem.12dpimale_24dpi,Effector,No,0,0,0,0,1
Hsc_gene_3586,2.270556917,517.5912406,124.2078414,111.9815459,95.21639339,48hpi,Effector,No,0,0,0,0,1
Hsc_gene_3587,1.478022803,393.010851,201.847611,230.0982564,148.9082931,48hpi_12dpi fem.12dpimale_24dpi,Effector,No,0,0,0,0,1
Hsc_gene_9841,11.56380498,1185.384948,175.1179674,192.7674388,130.3792928,48hpi,Effector,No,0,0,0,0,1
Hsc_gene_1010,3009.873384,2505.536867,108.2635333,356.0187712,111.266002,J2_10hpi_48hpi,Effector,No,0,0,0,0,1
Hsc_gene_10292,29399.59445,10717.42549,126.947749,724.4404004,151.2335272,J2_10hpi,Effector,No,0,0,0,0,1
Hsc_gene_23559,4107.426266,1335.122284,3.088092374,21.03717794,0.758061006,J2_10hpi,Effector,No,0,0,0,0,1
Hsc_gene_1683,8.86813682,149.9539879,92.2642673,98.07360637,45.92983404,48hpi_12dpi fem.12dpimale_24dpi,Effector,No,0,0,0,0,1
Hsc_gene_17818,13.00614598,193.3109007,19.06116027,35.03970237,15.53008694,48hpi,Effector,No,0,0,0,0,1
Hsc_gene_17819,27.13985599,1464.648023,105.0389899,112.5871584,34.31534689,48hpi,Effector,No,0,0,0,0,1
Hsc_gene_22513,100.2475054,3694.242666,656.518538,456.7990537,288.4218794,48hpi,Effector,No,0,0,0,0,1
Hsc_gene_17855,0,716.2856187,84.03802446,68.32097174,28.47387998,48hpi,Effector,No,0,0,0,0,1
Hsc_gene_17864,0,385.7962632,34.7350407,54.08915989,11.2995427,48hpi,Effector,No,0,0,0,0,1
Hsc_gene_17866,9.451404164,4239.556622,400.1922512,490.3983233,162.4783394,48hpi,Effector,No,0,0,0,0,1
Hsc_gene_17875,3.925453536,353.6057677,16.99775205,19.1194318,5.252099869,48hpi,Effector,No,0,0,0,0,1
Hsc_gene_17431,0,10.77121855,0.74681403,1.841604268,0.961967642,48hpi,Effector,No,0,0,0,0,1
Hsc_gene_17432,0,189.3671738,40.95989548,23.74994211,15.5337301,48hpi,Effector,No,0,0,0,0,1
Hsc_gene_17813,1.478022803,24.34391334,14.18709743,23.1273944,2.598481553,48hpi_12dpi fem.12dpimale_24dpi,Effector,No,0,0,0,0,1
Hsc_gene_17832,0,5.527271744,3.186127134,8.9409661,0.379435299,J2_48hpi_12dpi male,Effector,No,0,0,0,0,1
Hsc_gene_19449,0,46.82066193,1.459255414,0.5918093,0.702924243,48hpi,Effector,No,0,0,0,0,1
Hsc_gene_19450,0,0.995236148,1.451803095,1.7484874,1.811637778,NA,Effector,No,0,0,0,0,1
Hsc_gene_19452,0,0,0.189137009,0.564868799,2.599695941,NA,Effector,No,0,0,0,0,1
Hsc_gene_19498,0.756852306,2.026120917,3.29213402,4.839886635,1.257888204,NA,Effector,No,0,0,0,0,1
Hsc_gene_26288,86.12747065,535.344274,40.14029259,87.40966514,69.2083701,48hpi,Effector,No,0,0,0,0,1
Hsc_gene_5515,0,18.2429414,21.97109171,34.42330234,23.32714925,48hpi_12dpi fem.12dpimale_24dpi,Effector,No,0,0,0,0,1
Hsc_gene_9286,40.96764018,364.3391131,43.82228396,63.51035547,42.45537367,48hpi,Effector,No,0,0,0,0,1
Hsc_gene_9512,1.05620041,932.5368022,18.87060629,49.56552986,1.951098869,48hpi,Effector,No,0,0,0,0,1
Hsc_gene_9513,14.22050249,569.5378755,21.26529293,39.72644345,3.652463121,48hpi,Effector,No,0,0,0,0,1
Hsc_gene_24041,3435.378496,1891.471597,27.06233895,30.92397777,14.46634496,10hpi_48hpi,Effector,No,0,0,0,0,1
Hsc_gene_24042,239.1647436,148.2650662,3.014176448,2.406473067,0.703733835,10hpi_48hpi,Effector,No,0,0,0,0,1
Hsc_gene_24047,6356.145837,2467.605798,10.88294772,19.9698188,5.659508345,10hpi,Effector,No,0,0,0,0,1
Hsc_gene_24049,5579.824196,2329.824169,29.76660932,22.43632055,11.11551485,10hpi,Effector,No,0,0,0,0,1
Hsc_gene_24055,1386.805173,631.5264313,2.587144955,2.998282368,1.572068366,10hpi_48hpi,Effector,No,0,0,0,0,1
Hsc_gene_4396,3020.208797,1338.983169,55.70001911,114.277947,38.18835706,J2_10hpi,Effector,No,0,0,0,0,1
Hsc_gene_4397,2542.725505,820.0513449,37.22914663,65.14407136,11.39196142,J2_10hpi,Effector,No,0,0,0,0,1
Hsc_gene_15901,729.486519,3176.828403,645.9586391,575.9730982,452.7833649,48hpi,Effector,No,0,0,0,0,1
Hsc_gene_21955,8.060173842,2509.401186,306.9935226,297.3122979,187.0978253,48hpi,Effector,No,0,0,0,0,1
Hsc_gene_7588,409.8141453,354.7993732,17.9722942,10.7433345,53.05846733,10hpi_48hpi,Effector,No,0,0,0,0,1
Hsc_gene_8557,129.0764046,1237.154262,700.1204813,514.9702637,405.9686526,48hpi_12dpi fem.12dpimale_24dpi,Effector,No,0,0,0,0,1
Hsc_gene_17773,0,35.73752014,8.342710913,4.128019966,3.829206172,48hpi,Effector,No,0,0,0,0,1
Hsc_gene_21122,2.956045607,288.688376,40.99478793,50.30431713,14.51945774,48hpi,Effector,No,0,0,0,0,1
Hsc_gene_22499,121.7356476,50.5713531,55.06048649,7.219419201,112.5654044,10hpi,Effector,No,0,0,0,0,1
Hsc_gene_9708,33.01451176,13.66221774,5.094770996,3.416153296,6.631594361,10hpi,Effector,No,0,0,0,0,1
Hsc_gene_21649,1068.376779,5569.001489,1610.369414,1537.507113,1019.765805,48hpi,Effector,No,0,0,0,0,1
Hsc_gene_1646,17421.35936,4495.438312,11.51454067,102.3387184,3.124257949,10hpi,Effector,No,0,0,0,0,1
Hsc_gene_18101,756.6050236,226.8639991,8.05273765,55.23499077,5.103329996,10hpi,Effector,No,0,0,0,0,1
Hsc_gene_14901,13449.9288,9432.737004,159.9439024,140.1805039,59.14450018,10hpi_48hpi,Effector,No,0,0,0,0,1
Hsc_gene_17774,1649.20567,2894.574405,173.1919299,176.4591739,95.4186839,48hpi,Effector,No,0,0,0,0,1
Hsc_gene_21120,9288.514112,9108.567926,407.4633925,615.8251803,157.1011729,10hpi_48hpi,Effector,No,0,0,0,0,1
Hsc_gene_21123,4415.698602,7124.891747,466.6003509,568.2227801,196.7547021,10hpi_48hpi,Effector,No,0,0,0,0,1
Hsc_gene_18361,0,4.804987956,13.103402,9.646685088,5.428842919,12dpi fem._12dpi male_24dpi,Effector,No,0,0,0,0,1
Hsc_gene_17495,20.04580122,1.74798227,0.550224703,0.624897484,3.041552805,10hpi,Effector,No,0,0,0,0,1
Hsc_gene_9680,46.938955,5.24394681,2.490872073,2.499589936,1.635704319,10hpi,Effector,No,0,0,0,0,1
Hsc_gene_9695,1440.684791,498.9290695,1.174365331,6.780755456,2.83845576,10hpi,Effector,No,0,0,0,0,1
Hsc_gene_6481,7997.363092,6502.411189,591.625369,836.9370074,497.8159064,J2_10hpi_48hpi,Effector,No,0,0,0,0,1
Hsc_gene_25557,64014.24667,23252.45826,59.45959261,594.9048282,18.63649008,J2_10hpi,Effector,No,0,0,0,0,1
Hsc_gene_1629,364.4397042,330.3744454,11.90991356,10.770275,5.995139643,10hpi_48hpi,Effector,No,0,0,0,0,1
Hsc_gene_26474,300.2242532,143.2733266,0.171950685,3.476181981,0,J2_10hpi_48hpi,Effector,No,0,0,0,0,1
Hsc_gene_17203,0,22.44815029,232.2724761,149.1077066,191.8540477,12dpi fem._12dpi male_24dpi,Effector,No,0,0,0,0,1
Hsc_gene_19143,0.756852306,1.030884769,32.87463451,14.90444265,56.63425042,12dpi female_24dpi,Effector,No,0,0,0,0,1
Hsc_gene_24308,0,0,27.16834584,7.811228502,12.24567952,12dpi fem.,Effector,No,0,0,0,0,1
Hsc_gene_24085,16.66464436,0,0,0,0.351057325,NA,Effector,No,0,0,0,0,1
Hsc_gene_9924,0,0,9.561702704,25.62698434,19.91263789,12dpi male,Effector,No,0,0,0,0,1
Hsc_gene_7903,22.96945387,356.9647663,53.30851132,68.69578898,23.80386083,48hpi,Effector,No,0,0,0,0,1
Hsc_gene_7904,3.168601231,384.0655929,54.65130358,74.20595665,41.54251768,48hpi,Effector,No,0,0,0,0,1
Hsc_gene_1207,2422.732604,548.7224005,0.729627707,36.30796029,2.071490769,10hpi,Effector,No,0,0,0,0,1
Hsc_gene_9923,0,0.515442385,1.847263436,0,5.021029647,NA,Effector,No,0,0,0,0,1
Hsc_gene_22514,200.9216573,3206.11857,515.0355118,331.0752848,139.6733672,48hpi,Effector,No,0,0,0,0,1
Hsc_gene_11251,79.09614674,25.39821012,3.78054594,1.183618601,17.38467229,10hpi,Effector,No,0,0,0,0,1
Hsc_gene_2718,0,2.577211923,0.378274017,0,0.554963961,NA,Effector,No,0,0,0,0,1
Hsc_gene_9942,0.756852306,7.068412609,89.52166818,16.96303897,120.8165144,12dpi female_24dpi,Effector,No,0,0,0,0,1
Hsc_gene_24712,22755.84271,19241.20961,560.9913437,1082.826373,287.2049676,10hpi_48hpi,Effector,No,0,0,0,0,1
Hsc_gene_15022,44.8217301,44.36876902,6.465725655,2.433413569,7.955547295,10hpi_48hpi,Effector,No,0,0,0,0,1
Hsc_gene_23353,2.234875109,10.25577617,10.78719465,241.2652942,10.88403983,12dpi male,Effector,No,0,0,0,0,1
Hsc_gene_21491,6.196010453,213.8824274,88.16786739,108.885467,46.62835084,48hpi,Effector,No,0,0,0,0,1
Hsc_gene_1132,3953.728341,1058.088886,2.562506314,31.29881492,1.720433443,10hpi,Effector,No,0,0,0,0,1
Hsc_gene_7530,123.1643134,270.4677854,34.06846785,34.95273318,24.33773162,48hpi,Effector,No,0,0,0,0,1
Hsc_gene_1172,1419.273711,316.2119471,0.361087694,11.2543223,0.906426083,10hpi,Effector,No,0,0,0,0,1
Hsc_gene_9939,26.61252339,5810.244456,459.0431002,451.5275128,263.326487,48hpi,Effector,No,0,0,0,0,1
Hsc_gene_9937,443.8270861,4462.916582,1773.139036,1129.596594,506.1650508,48hpi,Effector,No,0,0,0,0,1
Hsc_gene_26414,0,133.3319931,13.71263799,13.702381,5.115067553,48hpi,Effector,No,0,0,0,0,1
Hsc_gene_8145,1840.437275,1705.079308,83.00499082,78.09623157,35.81442369,10hpi_48hpi,Effector,No,0,0,0,0,1
Hsc_gene_1847,66.2911546,151.2542443,140.0031207,257.4833585,359.8631781,Increasing,Effector,No,0,0,0,0,1
Hsc_gene_1848,7.551558967,4.491200688,79.50130784,3256.555793,23.12283782,12dpi male,Effector,No,0,0,0,0,1
Hsc_gene_11845,2189.095817,452.7781367,13.18459533,251.4220655,3.967452875,J2_10hpi,Effector,No,0,0,0,0,1
Hsc_gene_11846,1223.193891,198.0890069,17.54228631,176.0542245,10.07286604,J2_10hpi,Effector,No,0,0,0,0,1
Hsc_gene_13569,20.04251236,1.030884769,0,0,0.351462121,J2_10hpi,Effector,No,0,0,0,0,1
Hsc_gene_17170,232.9244186,30.19096146,1.486175742,5.849566864,6.78522026,J2_10hpi,Effector,No,0,0,0,0,1
Hsc_gene_17172,186.0294768,36.40939926,1.945818004,2.319503881,5.379371775,J2_10hpi,Effector,No,0,0,0,0,1
Hsc_gene_21537,13296.84318,1877.145068,100.9653519,218.64503,80.12357312,J2_10hpi,Effector,No,0,0,0,0,1
Hsc_gene_21726,1418.113865,317.3075868,6.790071564,234.8915426,6.9372285,J2_10hpi,Effector,No,0,0,0,0,1
Hsc_gene_21727,11164.3872,1909.261747,188.8059569,446.5163086,169.3366373,J2_10hpi,Effector,No,0,0,0,0,1
Hsc_gene_804,2.11240082,0,0,0,0,NA,Effector,No,0,0,0,0,1
Hsc_gene_805,562.8536918,108.4991221,9.182476522,38.31733534,8.408783752,J2_10hpi,Effector,No,0,0,0,0,1
Hsc_gene_9965,8756.114621,4295.919162,10.57385135,104.5419628,6.279727444,10hpi_48hpi,Effector,No,0,0,0,0,1
Hsc_gene_16221,3.326757327,2.061769538,0.771452672,1.874692452,1.460985249,J2,Effector,No,0,0,0,0,1
Hsc_gene_1885,15.66613234,5.759389195,447.0950831,2117.088888,894.5064018,12dpi male,Effector,No,0,0,0,0,1
Hsc_gene_19177,387.743391,75.20911138,2.265080732,4.194196333,11.68216954,J2,Effector,No,0,0,0,0,1
Hsc_gene_19185,804.5895154,86.90094658,1.115354043,1.216706784,10.50010647,J2_10hpi,Effector,No,0,0,0,0,1
Hsc_gene_22780,0,0,14.20656544,27.75790471,52.18603801,Increasing,Effector,No,0,0,0,0,1
Hsc_gene_22783,0,0,183.1748263,476.500014,441.2546776,Increasing,Effector,No,0,0,0,0,1
Hsc_gene_22789,14.15067409,2.541563302,0.378274017,9.472746714,0.351462121,J2,Effector,No,0,0,0,0,1
Hsc_gene_11133,1186.427972,167.88077,12.86542006,27.8987549,13.47438016,J2_10hpi,Effector,No,0,0,0,0,1
Hsc_gene_13398,3497.088821,612.4696805,35.43459678,630.4033366,51.46742344,J2_10hpi,Effector,No,0,0,0,0,1
Hsc_gene_25603,281.0096554,26.70723353,8.642505634,29.14240218,10.98495774,J2_10hpi,Effector,No,0,0,0,0,1
Hsc_gene_14452,173.0712356,5.011829359,1.338863698,1.183618601,1.868798521,J2_10hpi,Effector,No,0,0,0,0,1
Hsc_gene_18326,726.9892114,428.2511909,8.797182542,23.90543744,9.081710836,J2_10hpi_48hpi,Effector,No,0,0,0,0,1
Hsc_gene_3822,2799.39467,323.7304575,5.849037345,23.25974714,5.463696103,10hpi,Effector,No,0,0,0,0,1
Hsc_gene_15757,10.17257466,9.6151622,11.67106691,407.8481804,6.574433618,12dpi male,Effector,No,0,0,0,0,1
Hsc_gene_15762,2469.818472,2353.288338,6715.184036,1664.077814,6162.148223,Cyst,Effector,No,0,0,0,0,1
Hsc_gene_15826,8.572077569,6.552970226,7.426747691,304.0983393,4.707254281,12dpi male,Effector,No,0,0,0,0,1
Hsc_gene_1520,20.07819417,7.239605394,18.1391617,757.6259077,11.04616492,12dpi male,Effector,No,0,0,0,0,1
Hsc_gene_26063,68.789696,91.81700547,20.17143113,105.0737236,12.85258871,Not Clustered but DE,Effector,No,0,0,0,0,1
Hsc_gene_26065,159.6874988,362.3466293,1400.910479,633.9940987,1308.904136,12dpi female_24dpi,Effector,No,0,0,0,0,1
Hsc_gene_2749,33.80704587,6.961466745,2.29200106,8.955611237,4.412143311,Cyst_J2,Effector,No,0,0,0,0,1
Hsc_gene_5102,12.9193535,8.627779197,5.119409638,16.6983136,4.209451063,Cyst_J2,Effector,No,0,0,0,0,1
Hsc_gene_21578,171.15618,314.6226262,387.3576675,733.2958454,694.2407106,Not Clustered but DE,Effector,No,0,0,0,0,1
Hsc_gene_21621,1112.618531,3778.119015,272.5505492,807.0628673,201.3091823,48hpi,Effector,No,0,0,0,0,1
Hsc_gene_7587,0,0,4.203446417,0.624897484,73.23729598,24dpi,Effector,No,0,0,0,0,1
Hsc_gene_9272,2580.525938,649.9949201,1.921179362,22.56867328,2.01594921,J2_10hpi,Effector,No,0,0,0,0,1
Hsc_gene_9274,1516.855148,446.9182987,0.402912659,5.789538178,0.758465802,J2_10hpi,Effector,No,0,0,0,0,1
Hsc_gene_9417,439.7313365,391.0049585,23.6682966,83.91180861,10.34728864,J2_10hpi_48hpi,Effector,No,0,0,0,0,1
Hsc_gene_26064,55.97007199,61.27394127,5623.886143,4579.842267,2131.928516,12dpi fem._12dpi male_24dpi,Effector,No,0,0,0,0,1
Hsc_gene_26016,1219.032877,817.2491315,77.59000493,124.9050419,60.64321902,10hpi_48hpi,Effector,No,0,0,0,0,1
